,alt,lat,long,time,trajIndex
0,0,32.10866279744716,34.805455106110436,0,0
1,0,32.108713297845185,34.8049292154614,1,0
2,0,32.1086947653219,34.80499408762554,2,0
3,0,32.10870167650248,34.80493006020446,3,0
4,0,32.108674957421535,34.80496680488639,4,0
5,0,32.10873875708058,34.80500606754572,5,0
6,0,32.108697912534076,34.80498719543438,6,0
7,0,32.10869494708652,34.80499017425549,7,0
8,0,32.10870516446297,34.80497400723387,8,0
9,0,32.10870913490441,34.805008218500916,9,0
10,0,32.10871440863129,34.805010587101414,10,0
11,0,32.10872723675212,34.80502841486045,11,0
12,0,32.10870854161511,34.80500667657058,12,0
13,0,32.10872026121221,34.80501154944945,13,0
14,0,32.10872341634806,34.80500255566222,14,0
15,0,32.10872968448688,34.80500423531356,15,0
16,0,32.108738479726114,34.8050081051171,16,0
17,0,32.10872157937059,34.80505402995769,17,0
18,0,32.10873559619115,34.80502711528705,18,0
19,0,32.108731711937324,34.80503348223089,19,0
20,0,32.10871282651048,34.805013702434735,20,0
21,0,32.10874698193501,34.80503796262676,21,0
22,0,32.10875187272524,34.80503090595239,22,0
23,0,32.10874732074168,34.80502545120723,23,0
24,0,32.10874264371554,34.80502959143462,24,0
25,0,32.10876619379811,34.80505453931569,25,0
26,0,32.10877443361847,34.80505188038205,26,0
27,0,32.10877086309192,34.80504614913301,27,0
28,0,32.108773951754486,34.8050199393974,28,0
29,0,32.10877399403404,34.80502849546245,29,0
30,0,32.10877802580699,34.80502308435316,30,0
31,0,32.10878009783061,34.80501621848617,31,0
32,0,32.10876562205848,34.805028141397926,32,0
33,0,32.10877903429541,34.805056873403615,33,0
34,0,32.10877860535452,34.80504557975671,34,0
35,0,32.10877493881918,34.80505132274178,35,0
36,0,32.10878964408412,34.80506123827743,36,0
37,0,32.10879227898128,34.805060595063516,37,0
38,0,32.108801744423104,34.80506272115468,38,0
39,0,32.108803626020155,34.805047592534734,39,0
40,0,32.10879661441971,34.805070369586524,40,0
41,0,32.10879559909014,34.805082364520416,41,0
42,0,32.10879254138226,34.8050901840391,42,0
43,0,32.1088145111739,34.80509035369652,43,0
44,0,32.108822049227484,34.8050775015361,44,0
45,0,32.10881705395536,34.80509398655736,45,0
46,0,32.108802114824186,34.805105421050705,46,0
47,0,32.10882410968127,34.80509959567421,47,0
48,0,32.108828407075706,34.80508869928865,48,0
49,0,32.108822287447616,34.80509513783103,49,0
50,0,32.10882579448911,34.80508698249038,50,0
51,0,32.108842506562894,34.80511977709069,51,0
52,0,32.10884316839818,34.80510298894496,52,0
53,0,32.10883967958395,34.805106383469784,53,0
54,0,32.10884339301137,34.80512707268919,54,0
55,0,32.108849525545466,34.805117520408025,55,0
56,0,32.10885608981581,34.80511909577568,56,0
57,0,32.10885762413835,34.805114205952314,57,0
58,0,32.10887104419155,34.80510363974591,58,0
59,0,32.10887257175736,34.805125942308294,59,0
60,0,32.10886456267644,34.805128321207086,60,0
61,0,32.1088703182492,34.80512294505126,61,0
62,0,32.108868536603254,34.80512834597578,62,0
63,0,32.10887302730755,34.80510824498572,63,0
64,0,32.10888203819898,34.80515903650322,64,0
65,0,32.10888540897783,34.80513637900442,65,0
66,0,32.10887748431478,34.805148269062116,66,0
67,0,32.10887542423452,34.805126875893464,67,0
68,0,32.10888129279472,34.805145660979704,68,0
69,0,32.10888917125458,34.805137778357754,69,0
70,0,32.10889250485673,34.805138266652946,70,0
71,0,32.108884863101,34.80513747740013,71,0
72,0,32.10889325292295,34.80513759917423,72,0
73,0,32.10889419127567,34.805137843735736,73,0
74,0,32.10891075324397,34.80513674673227,74,0
75,0,32.1089054135197,34.80513212203378,75,0
76,0,32.108892856063406,34.80513279541335,76,0
77,0,32.108876511044464,34.805118531470555,77,0
78,0,32.10876253929401,34.80503478967415,78,0
79,0,32.10892262550744,34.805121182033524,79,0
80,0,32.10887651348311,34.80511459303851,80,0
81,0,32.108930662631415,34.8051745758628,81,0
82,0,32.10891759200476,34.80519461043724,82,0
83,0,32.1089111541298,34.8051547767964,83,0
84,0,32.108938019532715,34.805179781901124,84,0
85,0,32.108943357245565,34.80517450970146,85,0
86,0,32.10883607618795,34.80510605752824,86,0
87,0,32.108848369394565,34.805130319128956,87,0
88,0,32.108930451966096,34.805218119864385,88,0
89,0,32.108825822821785,34.80508666190902,89,0
90,0,32.10893791811573,34.805170953049476,90,0
91,0,32.1088752681284,34.80517077343589,91,0
92,0,32.108904917833506,34.80519752790293,92,0
93,0,32.10891867242025,34.80520183828347,93,0
94,0,32.108925805182444,34.80523689635496,94,0
95,0,32.108942996396166,34.80519859667705,95,0
96,0,32.10893664796297,34.80522064912851,96,0
97,0,32.10891015080493,34.80517959477013,97,0
98,0,32.108943687142364,34.80519029253323,98,0
99,0,32.10884228024929,34.80518450151818,99,0
100,0,32.10890761288003,34.805193928094745,100,0
101,0,32.1088309974752,34.80518590274077,101,0
102,0,32.10889398199859,34.80518132218606,102,0
103,0,32.108737830131325,34.805100245645214,103,0
104,0,32.10889906142862,34.80520520944233,104,0
105,0,32.10889001345685,34.80522651279607,105,0
106,0,32.10889005822863,34.805208449941475,106,0
107,0,32.108821993645726,34.805156805361655,107,0
108,0,32.10888513950941,34.8052275333454,108,0
109,0,32.10880120479136,34.80514928439143,109,0
110,0,32.10888935479874,34.80524075715647,110,0
111,0,32.10881042334163,34.80511979676286,111,0
112,0,32.10880326984755,34.805133191556294,112,0
113,0,32.10888846724417,34.80521699379142,113,0
114,0,32.10880997945579,34.805150348297985,114,0
115,0,32.10885106549495,34.805151777820996,115,0
116,0,32.108809453660314,34.805148542321724,116,0
117,0,32.10882598489349,34.805173493295094,117,0
118,0,32.10887699095859,34.80522454939904,118,0
119,0,32.10885616283628,34.8051675689828,119,0
120,0,32.10877703001876,34.80516662098586,120,0
121,0,32.10881364839798,34.80515293735978,121,0
122,0,32.108819675173976,34.80517831395986,122,0
123,0,32.10881332246757,34.80518031930223,123,0
124,0,32.108850826015924,34.8052424149432,124,0
125,0,32.108850105569516,34.80522816420954,125,0
126,0,32.108818668624664,34.805182735643214,126,0
127,0,32.10887540696805,34.8052293136209,127,0
128,0,32.10882605174303,34.80518717908033,128,0
129,0,32.10881096445308,34.80519021144675,129,0
130,0,32.108824048920084,34.80520062055768,130,0
131,0,32.10880602088055,34.805189339613236,131,0
132,0,32.1088529884248,34.805203640992175,132,0
133,0,32.1088161503996,34.805176833765536,133,0
134,0,32.108859335483146,34.80517277353039,134,0
135,0,32.108851440212426,34.805138348385384,135,0
136,0,32.1088111255196,34.805197195700636,136,0
137,0,32.10886051567347,34.80523314496096,137,0
138,0,32.108789353004475,34.80517280184221,138,0
139,0,32.10881029926275,34.805183985700154,139,0
140,0,32.108804734075555,34.80517773089448,140,0
141,0,32.10879910374195,34.80517375221741,141,0
142,0,32.10879549270286,34.80517026822049,142,0
143,0,32.10886522555666,34.805219402753806,143,0
144,0,32.10880475442566,34.805186888878005,144,0
145,0,32.10881357463651,34.80518818998337,145,0
146,0,32.108801867590124,34.80518625489861,146,0
147,0,32.10880658096538,34.80518904973558,147,0
148,0,32.10879586163244,34.80519330048265,148,0
149,0,32.10880454094306,34.805187933110474,149,0
150,0,32.10880247432981,34.80517578430926,150,0
151,0,32.108821573837034,34.80518452526789,151,0
152,0,32.10881955725478,34.80518232016478,152,0
153,0,32.10882207080914,34.80515173764502,153,0
154,0,32.10882989707011,34.805192122895605,154,0
155,0,32.108828928449434,34.8051924788206,155,0
156,0,32.10883243059696,34.80521239632317,156,0
157,0,32.10883658068881,34.80520397743648,157,0
158,0,32.10882176215135,34.80518077697179,158,0
159,0,32.10881489372472,34.805193733333354,159,0
160,0,32.10879453450099,34.80517971928027,160,0
161,0,32.10879668062651,34.80518275876515,161,0
162,0,32.10881461768789,34.80517673185684,162,0
163,0,32.10882539432257,34.8051680041868,163,0
164,0,32.108808209634994,34.80517131329515,164,0
165,0,32.108856229472416,34.80524454442706,165,0
166,0,32.1088413728804,34.805243022933595,166,0
167,0,32.10882222734767,34.80525608978498,167,0
168,0,32.10885431412111,34.80526712960949,168,0
169,0,32.10883335637674,34.80518288581002,169,0
170,0,32.108823653325985,34.80518763051461,170,0
171,0,32.108785213534084,34.805168349342644,171,0
172,0,32.108836045096396,34.80517916937787,172,0
173,0,32.10883294209822,34.80518354121969,173,0
174,0,32.10884657270707,34.80519841382349,174,0
175,0,32.10885562802415,34.80521983917516,175,0
176,0,32.10883727931499,34.80520556286668,176,0
177,0,32.10884059051216,34.80520030069461,177,0
178,0,32.10884428247931,34.80520437493139,178,0
179,0,32.10884864558699,34.8052108244543,179,0
180,0,32.10885964515269,34.80521042077212,180,0
181,0,32.1088477454326,34.80522951588341,181,0
182,0,32.10881964336183,34.8052112175562,182,0
183,0,32.108814136084106,34.8052127418933,183,0
184,0,32.108808097822525,34.80520777525041,184,0
185,0,32.108882147067376,34.80515563424665,185,0
186,0,32.10879296229988,34.80521709129333,186,0
187,0,32.10888135600822,34.80511209197665,187,0
188,0,32.1088597849885,34.80516753338576,188,0
189,0,32.10878073562091,34.805199580573365,189,0
190,0,32.108795141662775,34.80520088916361,190,0
191,0,32.10879379767786,34.80520525638664,191,0
192,0,32.10881311909023,34.80521955503389,192,0
193,0,32.108846703906124,34.80519915877603,193,0
194,0,32.108792837722426,34.805223252566634,194,0
195,0,32.10880388133056,34.80521417556268,195,0
196,0,32.10879771306591,34.80521838730109,196,0
197,0,32.10881461985445,34.805222610127,197,0
198,0,32.10880318267991,34.8052222311284,198,0
199,0,32.10881471553068,34.805233996703194,199,0
200,0,32.108817659655216,34.80523522113645,200,0
201,0,32.10880334374548,34.805235642282156,201,0
202,0,32.10880852654442,34.805240982094,202,0
203,0,32.108807712104436,34.805254635905754,203,0
204,0,32.10881525495324,34.80525258118731,204,0
205,0,32.10880279690377,34.80525117413054,205,0
206,0,32.108803144733656,34.805260487538,206,0
207,0,32.10878800412143,34.805247926128864,207,0
208,0,32.108809501465146,34.805255774621706,208,0
209,0,32.10879979800613,34.8052652414912,209,0
210,0,32.108784477654936,34.805265234891344,210,0
211,0,32.108780854609456,34.80525521577454,211,0
212,0,32.1087902043872,34.805266419653094,212,0
213,0,32.10879857531341,34.805288017316144,213,0
214,0,32.10876930603855,34.805270780931444,214,0
215,0,32.10877833061828,34.80528085470105,215,0
216,0,32.1087728978375,34.805291833183524,216,0
217,0,32.10877493146895,34.80528786904715,217,0
218,0,32.108770650724274,34.80529484888223,218,0
219,0,32.108763080020154,34.80528209838079,219,0
220,0,32.10878625524781,34.80529288747959,220,0
221,0,32.108780385280994,34.80529969721162,221,0
222,0,32.10877458484792,34.80529637600568,222,0
223,0,32.10877237724197,34.805296361159606,223,0
224,0,32.108780193174475,34.805314005614925,224,0
225,0,32.10877781570879,34.805307673440296,225,0
226,0,32.108782383328645,34.80532856015735,226,0
227,0,32.10877886645941,34.80532653349146,227,0
228,0,32.10878101180187,34.80531305221749,228,0
229,0,32.108777059599475,34.80532180210699,229,0
230,0,32.10878474845814,34.80533596777257,230,0
231,0,32.108760366270786,34.80529948954721,231,0
232,0,32.10878523369371,34.80533332248476,232,0
233,0,32.10877830235723,34.8053297703395,233,0
234,0,32.1087812893601,34.80534024366518,234,0
235,0,32.108773890269575,34.80533737851413,235,0
236,0,32.108771896116615,34.80534213871239,236,0
237,0,32.1087682519229,34.80534299204928,237,0
238,0,32.10876752345039,34.80533974138763,238,0
239,0,32.10876635568341,34.80533086065673,239,0
240,0,32.10875815557109,34.80533006813937,240,0
241,0,32.108763558934996,34.80534600822825,241,0
242,0,32.10875242470734,34.80533564431735,242,0
243,0,32.10873807237755,34.80533929192531,243,0
244,0,32.10875425994409,34.805345565782396,244,0
245,0,32.10875786706437,34.805357098060135,245,0
246,0,32.108748531088075,34.80537366613497,246,0
247,0,32.108725624847075,34.80532832830775,247,0
248,0,32.108723302117724,34.805335771534494,248,0
249,0,32.10873790026604,34.805348694986044,249,0
250,0,32.10870895297966,34.80533942007096,250,0
251,0,32.108730410327645,34.80536118232963,251,0
252,0,32.10870957324027,34.80534537577667,252,0
253,0,32.10871445880159,34.80535222080585,253,0
254,0,32.10870900447014,34.80534963890206,254,0
255,0,32.108700743403624,34.80537305499047,255,0
256,0,32.108722264155695,34.80537358490308,256,0
257,0,32.10870387702951,34.80537069650553,257,0
258,0,32.10870483436763,34.80536592040121,258,0
259,0,32.108703380196715,34.805373810774455,259,0
260,0,32.10870776756869,34.80540092992082,260,0
261,0,32.10870873640815,34.80540366634634,261,0
262,0,32.10871000066382,34.805391797263006,262,0
263,0,32.10873687561972,34.805407263689084,263,0
264,0,32.108721474330736,34.80539859560736,264,0
265,0,32.10872889885931,34.805407067011856,265,0
266,0,32.108725775896644,34.805412177093196,266,0
267,0,32.108730869589635,34.805414047315324,267,0
268,0,32.10873201601252,34.805419749828495,268,0
269,0,32.10870015325387,34.80541420494398,269,0
270,0,32.10868570934462,34.805410064340435,270,0
271,0,32.10868109965518,34.805417088417364,271,0
272,0,32.10869616876535,34.805407450092304,272,0
273,0,32.10868846375702,34.80541686730132,273,0
274,0,32.10867826088499,34.805410086249,274,0
275,0,32.10868326633844,34.80541748639042,275,0
276,0,32.10872724192745,34.805456763871426,276,0
277,0,32.108727435727154,34.80545519037934,277,0
278,0,32.108698817423395,34.805428013301444,278,0
279,0,32.108710648040706,34.80545930000812,279,0
280,0,32.10871707859679,34.80544154130654,280,0
281,0,32.108754253205355,34.805446647288214,281,0
282,0,32.10868275095094,34.80544036323086,282,0
283,0,32.10867884645822,34.80543531451957,283,0
284,0,32.10872693673124,34.80544129325119,284,0
285,0,32.10868769438812,34.8054421024944,285,0
286,0,32.10868244054476,34.80546480055769,286,0
287,0,32.108679746758085,34.805461692860206,287,0
288,0,32.10869597371385,34.805484075297365,288,0
289,0,32.10868370668252,34.805471533403484,289,0
290,0,32.10869775714316,34.805462436258615,290,0
291,0,32.108691614755585,34.805460176602615,291,0
292,0,32.108699711948724,34.80547368895657,292,0
293,0,32.1087013212907,34.80548526855816,293,0
294,0,32.1086928555078,34.805489615058015,294,0
295,0,32.10869422535281,34.805479504965334,295,0
296,0,32.10869281050992,34.80547908152235,296,0
297,0,32.10869685046952,34.8054798854047,297,0
298,0,32.108714146996384,34.805470656140606,298,0
299,0,32.10867432550747,34.805468790954066,299,0
300,0,32.10868746300381,34.805482843554174,300,0
301,0,32.10868392454926,34.805472453061206,301,0
302,0,32.108686332147386,34.80544050768273,302,0
303,0,32.1086916640774,34.8054572535249,303,0
304,0,32.10869136538409,34.80544788649659,304,0
305,0,32.10870233283986,34.80545162453884,305,0
306,0,32.10870110178414,34.805445056709296,306,0
307,0,32.10873116630257,34.80542263878652,307,0
308,0,32.10869691805826,34.805423695150054,308,0
309,0,32.10873092339845,34.80546106897127,309,0
310,0,32.108698593391445,34.80542581632323,310,0
311,0,32.10868335391888,34.805410674562516,311,0
312,0,32.108772813225166,34.805453585853485,312,0
313,0,32.108728273184965,34.805422482196285,313,0
314,0,32.10875477560106,34.80545046780949,314,0
315,0,32.10868581511015,34.80541320241012,315,0
316,0,32.10872623436054,34.80544297050693,316,0
317,0,32.10873158306681,34.80538146393569,317,0
318,0,32.108701765102474,34.80540255714918,318,0
319,0,32.108715335591306,34.80541297176428,319,0
320,0,32.10871777927739,34.80541030258589,320,0
321,0,32.10871864596346,34.805408598770406,321,0
322,0,32.10873036998087,34.805407807605924,322,0
323,0,32.10873435995222,34.80540617228591,323,0
324,0,32.10873320084698,34.80539028814693,324,0
325,0,32.10873949425306,34.80539791810214,325,0
326,0,32.10869262555257,34.805403338091025,326,0
327,0,32.10872480281869,34.80538254019821,327,0
328,0,32.108727553187386,34.80539344548771,328,0
329,0,32.10872725431666,34.805397795805604,329,0
330,0,32.10870983433676,34.80538240558654,330,0
331,0,32.10875089228966,34.80540832724429,331,0
332,0,32.108771130971256,34.80540613426068,332,0
333,0,32.108722628511934,34.80536704384089,333,0
334,0,32.10871423268496,34.805360560271055,334,0
335,0,32.10878748551478,34.805441022959116,335,0
336,0,32.10875566648281,34.80537522318978,336,0
337,0,32.108799346624195,34.80538379533521,337,0
338,0,32.1087266457712,34.80533252033126,338,0
339,0,32.108763278095275,34.805356969745574,339,0
340,0,32.10877945060586,34.80536630019885,340,0
341,0,32.10879727366183,34.80538060598109,341,0
342,0,32.10873122221364,34.80533874710139,342,0
343,0,32.1087558702621,34.80534219773815,343,0
344,0,32.108748412383775,34.80533143472821,344,0
345,0,32.1087542520948,34.80533938788483,345,0
346,0,32.10874865887151,34.80534629575867,346,0
347,0,32.108761364519836,34.805330080476445,347,0
348,0,32.10877091370314,34.805339506143255,348,0
349,0,32.10875988960546,34.80531455098297,349,0
350,0,32.1087712430382,34.80533173906509,350,0
351,0,32.10875216553625,34.80532376681831,351,0
352,0,32.10876030189192,34.80533786220905,352,0
353,0,32.108767948534414,34.805314031097055,353,0
354,0,32.108766585090684,34.80531547925507,354,0
355,0,32.1087665051074,34.805318567849284,355,0
356,0,32.10877067180229,34.80532183216972,356,0
357,0,32.10876770592791,34.80532215272812,357,0
358,0,32.10876060923349,34.80530775854526,358,0
359,0,32.10877484464616,34.80532002290493,359,0
360,0,32.1087719866732,34.805310232321304,360,0
361,0,32.10877865061167,34.80532119085589,361,0
362,0,32.1087738961881,34.80531305782037,362,0
363,0,32.108772841049515,34.80531183880848,363,0
364,0,32.10876835925198,34.80529774236148,364,0
365,0,32.10877105581224,34.805300378835106,365,0
366,0,32.108760759386136,34.80528088045998,366,0
367,0,32.10876345051771,34.80528113282882,367,0
368,0,32.10877741937944,34.805292639265836,368,0
369,0,32.1087728424692,34.805276204011115,369,0
370,0,32.10877119417566,34.80528048200473,370,0
371,0,32.10877022376866,34.805267411448426,371,0
372,0,32.108778559609064,34.80527885285049,372,0
373,0,32.10876371978606,34.8052627970918,373,0
374,0,32.10877018799505,34.80526902841329,374,0
375,0,32.108770580048386,34.80526559953546,375,0
376,0,32.10877630433964,34.805267874171726,376,0
377,0,32.10877421204247,34.80526702372073,377,0
378,0,32.108765491334566,34.80525639259871,378,0
379,0,32.10878101861492,34.80525566114199,379,0
380,0,32.10879364701605,34.80525707440181,380,0
381,0,32.10879065398298,34.80526036329813,381,0
382,0,32.108791840532575,34.80526206448234,382,0
383,0,32.108808055797105,34.80527468995345,383,0
384,0,32.10880777985539,34.805267208412474,384,0
385,0,32.108794737192405,34.80524575333395,385,0
386,0,32.10880366854697,34.805249346038906,386,0
387,0,32.10879823238234,34.805264370277264,387,0
388,0,32.1087973749616,34.805243714292715,388,0
389,0,32.10881662488361,34.80524481671666,389,0
390,0,32.10879814719074,34.8052422693114,390,0
391,0,32.108817507690304,34.80523247703465,391,0
392,0,32.10881462399429,34.80523386320796,392,0
393,0,32.10881211180255,34.80523367299108,393,0
394,0,32.10881652750008,34.80523417920152,394,0
395,0,32.10882182586833,34.8052413946655,395,0
396,0,32.108807460954715,34.80522833809697,396,0
397,0,32.1088022963314,34.80522872509745,397,0
398,0,32.10876955763837,34.80522332437115,398,0
399,0,32.108796780402,34.80521434394163,399,0
400,0,32.10880901159086,34.805234650810085,400,0
401,0,32.108800250882155,34.8052026967876,401,0
402,0,32.108792185483814,34.805201276719174,402,0
403,0,32.10880411496435,34.80520104386594,403,0
404,0,32.10880175133315,34.805199505628934,404,0
405,0,32.108792418203585,34.805189884984856,405,0
406,0,32.10880746809565,34.80519080878544,406,0
407,0,32.1088015201154,34.80519152882355,407,0
408,0,32.10878265562277,34.80520212059647,408,0
409,0,32.108802656860234,34.80518774239063,409,0
410,0,32.108799264162826,34.80518340188391,410,0
411,0,32.10881138357365,34.8051922384589,411,0
412,0,32.10881306094905,34.80517515239916,412,0
413,0,32.10880449787468,34.80518824161032,413,0
414,0,32.108809246311374,34.80517430204817,414,0
415,0,32.108838995919264,34.80518963771682,415,0
416,0,32.10883007284086,34.80519778407301,416,0
417,0,32.10883820987309,34.80517234368131,417,0
418,0,32.10882473148399,34.80517563291356,418,0
419,0,32.10882883055046,34.80518363253611,419,0
420,0,32.108893027598775,34.80506877655032,420,0
421,0,32.108827261382814,34.80516906659565,421,0
422,0,32.10888684113391,34.80522829857234,422,0
423,0,32.10890966815205,34.80521883323621,423,0
424,0,32.108898285726546,34.80523141093076,424,0
425,0,32.1089067352932,34.80522282050898,425,0
426,0,32.10882497867388,34.80514624704366,426,0
427,0,32.1088880165676,34.80520790790301,427,0
428,0,32.10887977578398,34.8052211284379,428,0
429,0,32.10893598447127,34.805203450914306,429,0
430,0,32.1088095686798,34.80512474287301,430,0
431,0,32.10890651419145,34.805189134514414,431,0
432,0,32.10890202379803,34.805182721747634,432,0
433,0,32.108892642483376,34.805181191427,433,0
434,0,32.108927022611894,34.80519406330408,434,0
435,0,32.10889601623926,34.805189237433794,435,0
436,0,32.10890949274913,34.80519336851937,436,0
437,0,32.108924215337176,34.80521586982822,437,0
438,0,32.10890273742835,34.80518539113969,438,0
439,0,32.10893821320884,34.805183760188974,439,0
440,0,32.10893337442722,34.8052103504972,440,0
441,0,32.10891353033874,34.80515319428392,441,0
442,0,32.10891822170318,34.8051379396006,442,0
443,0,32.10890306517034,34.80514331991383,443,0
444,0,32.10891103094447,34.80514635736763,444,0
445,0,32.1088936406762,34.805123918966075,445,0
446,0,32.108900018260805,34.80513054684647,446,0
447,0,32.108898694444875,34.805134021147104,447,0
448,0,32.108879773614284,34.805115545733734,448,0
449,0,32.108866541807636,34.805093749606996,449,0
450,0,32.10887413234533,34.805106651921996,450,0
451,0,32.10885651840073,34.8051197950165,451,0
452,0,32.108864570068114,34.80512529945379,452,0
453,0,32.10886216044406,34.80512017514622,453,0
454,0,32.10886433273046,34.80509015882881,454,0
455,0,32.10887024588021,34.80508802912067,455,0
456,0,32.108857343003436,34.80510774875407,456,0
457,0,32.10886454207292,34.80507902685852,457,0
458,0,32.10886307939119,34.80508442900486,458,0
459,0,32.10883665739564,34.80511077420544,459,0
460,0,32.10883406583186,34.80510726487788,460,0
461,0,32.10884981649749,34.80510461119733,461,0
462,0,32.108814499176844,34.805090967105656,462,0
463,0,32.10882550582062,34.80510137957743,463,0
464,0,32.10881490103009,34.80510257400819,464,0
465,0,32.108813137635465,34.80508956840596,465,0
466,0,32.10882439191792,34.80510208492576,466,0
467,0,32.108814097737536,34.80509335305719,467,0
468,0,32.10879764242016,34.80509471160509,468,0
469,0,32.1087948130369,34.80508561092763,469,0
470,0,32.10877809749287,34.805101799574686,470,0
471,0,32.10880676881971,34.80508775892257,471,0
472,0,32.108799569354,34.80506694419948,472,0
473,0,32.10879474393626,34.80507002158252,473,0
474,0,32.108794593030495,34.80509743423327,474,0
475,0,32.108778041787126,34.80508954218503,475,0
476,0,32.10876449232144,34.80507128930098,476,0
477,0,32.10877828450073,34.80505724721158,477,0
478,0,32.108781038717765,34.80504189996623,478,0
479,0,32.10876479949127,34.80506540167703,479,0
480,0,32.108762145493756,34.80507210284509,480,0
481,0,32.108753031504946,34.80504227490237,481,0
482,0,32.1087555871132,34.80509423529416,482,0
483,0,32.10874719110252,34.805030847655146,483,0
484,0,32.108755016075335,34.80503124598235,484,0
485,0,32.10873936251047,34.80502602424311,485,0
486,0,32.10873749633048,34.80501048283277,486,0
487,0,32.10875137427435,34.805043681835755,487,0
488,0,32.10874512494039,34.805025446080755,488,0
489,0,32.108742164780985,34.805023862860764,489,0
490,0,32.108743967176444,34.80504919118015,490,0
491,0,32.108728630285775,34.80502809279342,491,0
492,0,32.1087229109896,34.80501467404341,492,0
493,0,32.108722410552645,34.80501199120809,493,0
494,0,32.10873353294751,34.805018239259965,494,0
495,0,32.108739688557435,34.804999905781166,495,0
496,0,32.1087161542835,34.805021076109306,496,0
497,0,32.10872660462817,34.80500337102737,497,0
498,0,32.10870682934002,34.805002009257045,498,0
499,0,32.10871003790697,34.804985970714604,499,0
500,0,32.10869510405174,34.804997066237604,500,0
501,0,32.108693540998445,34.80497806095918,501,0
502,0,32.10870114342488,34.80500915144495,502,0
503,0,32.108713478410394,34.804981963760206,503,0
504,0,32.10867455288813,34.80494790585204,504,0
505,0,32.108676367028075,34.80498319289679,505,0
506,0,32.10870728983729,34.804966034636806,506,0
507,0,32.10870414141957,34.804942151355945,507,0
508,0,32.10868845152027,34.8049719246831,508,0
509,0,32.10869853848833,34.80497372050422,509,0
510,0,32.108712024282994,34.80500623856068,510,0
511,0,32.10870617975303,34.80500184886579,511,0
512,0,32.10870313632281,34.805016464519795,512,0
513,0,32.1087246493353,34.80499832296742,513,0
514,0,32.10872691531833,34.80499031168733,514,0
515,0,32.10872456481942,34.80501469291612,515,0
516,0,32.108725877165256,34.80498731688748,516,0
517,0,32.10873535321311,34.80502728228353,517,0
518,0,32.10875239384423,34.80502928892467,518,0
519,0,32.10876501948982,34.80505027804598,519,0
520,0,32.10873163795852,34.80502077105294,520,0
521,0,32.10874623773053,34.80502615257941,521,0
522,0,32.1087539036253,34.80502004170926,522,0
523,0,32.10874782093118,34.805026666808985,523,0
524,0,32.10875843447756,34.80501500939208,524,0
525,0,32.108745463921615,34.80502945142519,525,0
526,0,32.108756391356074,34.80504033640839,526,0
527,0,32.108768705964486,34.805037056151136,527,0
528,0,32.108771049702284,34.80503103560514,528,0
529,0,32.10877710136571,34.805049287509995,529,0
530,0,32.10877267751296,34.805045802639,530,0
531,0,32.10877399548611,34.80507858546181,531,0
532,0,32.108759369376514,34.80508047837539,532,0
533,0,32.1087804994141,34.80505447163527,533,0
534,0,32.10879429946138,34.80504253726014,534,0
535,0,32.10879179262713,34.80504329046463,535,0
536,0,32.10878873308725,34.80510237606576,536,0
537,0,32.108797808946136,34.805072990335894,537,0
538,0,32.10880442593537,34.80508852610824,538,0
539,0,32.1088307638079,34.80506799264314,539,0
540,0,32.108808872364214,34.805120817044326,540,0
541,0,32.108809556407934,34.805074566076485,541,0
542,0,32.1088181103976,34.80508592313007,542,0
543,0,32.10882762825309,34.80511024264813,543,0
544,0,32.108836595159325,34.80509552352509,544,0
545,0,32.10882204292102,34.80509833563469,545,0
546,0,32.10883953572518,34.80511660830867,546,0
547,0,32.10886428786983,34.805116859831436,547,0
548,0,32.10883891497416,34.80511299814921,548,0
549,0,32.10885547765892,34.80511674014565,549,0
550,0,32.10884891397617,34.80512349213079,550,0
551,0,32.108833476429695,34.8051209210807,551,0
552,0,32.1088531465543,34.805124627951244,552,0
553,0,32.10886340793592,34.805118550666826,553,0
554,0,32.108861703893986,34.80512513293979,554,0
555,0,32.10888203521399,34.805129865087714,555,0
556,0,32.108889248051824,34.805145315637255,556,0
557,0,32.108892750818924,34.80513706022937,557,0
558,0,32.10890004069444,34.80512529458679,558,0
559,0,32.10889043686178,34.80514153066444,559,0
560,0,32.10889939345634,34.80513984792311,560,0
561,0,32.10887899036862,34.80514719674072,561,0
562,0,32.1089084090001,34.805153712156304,562,0
563,0,32.1088481449217,34.805118778402054,563,0
564,0,32.108904175636056,34.80514782928607,564,0
565,0,32.10891118876925,34.80515218020472,565,0
566,0,32.10890888854395,34.805148582582575,566,0
567,0,32.10888715254324,34.80517354614314,567,0
568,0,32.10891137466352,34.80520289756292,568,0
569,0,32.108929432137494,34.80516473168724,569,0
570,0,32.108931977533544,34.8051752369467,570,0
571,0,32.1089086903268,34.805181705494746,571,0
572,0,32.10893787472396,34.805185225981674,572,0
573,0,32.10890816040766,34.80521840677134,573,0
574,0,32.108929482892584,34.80519461741179,574,0
575,0,32.1089119776782,34.80521351028303,575,0
576,0,32.10891387528483,34.80520656457281,576,0
577,0,32.10873660826515,34.805093757696,577,0
578,0,32.108912560308596,34.80520491415708,578,0
579,0,32.10892553043758,34.80522127090136,579,0
580,0,32.10888520144975,34.80521044030232,580,0
581,0,32.108881680845094,34.80522132617898,581,0
582,0,32.10888232530161,34.80521533453218,582,0
583,0,32.10886454071945,34.80519609595507,583,0
584,0,32.108817741118386,34.80516713540145,584,0
585,0,32.108816537187884,34.80516462653163,585,0
586,0,32.10883194117236,34.80512967917121,586,0
587,0,32.10889568450221,34.805220531900304,587,0
588,0,32.10882133913049,34.80517645068127,588,0
589,0,32.10886597309293,34.80521293290795,589,0
590,0,32.10888937403837,34.805167610764606,590,0
591,0,32.10883341641382,34.80520479678279,591,0
592,0,32.10881914119625,34.80519061855311,592,0
593,0,32.108837522675046,34.805208757974945,593,0
594,0,32.10883603399972,34.805200325677745,594,0
595,0,32.108834120034096,34.80518978002493,595,0
596,0,32.10884430063246,34.80519653833458,596,0
597,0,32.108836042104286,34.805094251030944,597,0
598,0,32.10886377356884,34.805206094037224,598,0
599,0,32.10879394539058,34.80521546251448,599,0
600,0,32.10866719652858,34.80497550427869,0,1
601,0,32.10869208849516,34.804944597401494,1,1
602,0,32.108669548704995,34.80494675529769,2,1
603,0,32.10870338707272,34.804936174907134,3,1
604,0,32.10867892555917,34.80495724573483,4,1
605,0,32.10868963684479,34.8049313392278,5,1
606,0,32.10868268610084,34.80495658057634,6,1
607,0,32.108706774017804,34.80498522469493,7,1
608,0,32.10869501254033,34.80497064362434,8,1
609,0,32.10869657587738,34.8049669108734,9,1
610,0,32.10870389217252,34.80499523623289,10,1
611,0,32.10875507219404,34.8050307346552,11,1
612,0,32.108732029146516,34.805003817496285,12,1
613,0,32.10871554579604,34.80499498804461,13,1
614,0,32.10872540550171,34.804993692250015,14,1
615,0,32.108720872758944,34.80502366597113,15,1
616,0,32.10871690921818,34.80502791465599,16,1
617,0,32.108730309884365,34.80502378098883,17,1
618,0,32.10872225162393,34.805022111027675,18,1
619,0,32.10872627022746,34.8050171352513,19,1
620,0,32.108716257446275,34.80502474824594,20,1
621,0,32.10872186157421,34.80502444457418,21,1
622,0,32.108732919995575,34.805016945082485,22,1
623,0,32.108745965312636,34.80505176521271,23,1
624,0,32.108747606252464,34.805043887800586,24,1
625,0,32.10874392319345,34.80504608091219,25,1
626,0,32.10875863185636,34.80504527406418,26,1
627,0,32.108749257194255,34.805046466319034,27,1
628,0,32.108734520731495,34.80503706018879,28,1
629,0,32.108754724695615,34.80504199952266,29,1
630,0,32.10875475667784,34.80504930196165,30,1
631,0,32.10875449208791,34.80505405014523,31,1
632,0,32.108758723361554,34.80505564492863,32,1
633,0,32.108762668268064,34.80506134540264,33,1
634,0,32.10878017374195,34.80505272690196,34,1
635,0,32.108771827619336,34.80505382089982,35,1
636,0,32.108782198946166,34.805059128609116,36,1
637,0,32.10877157328419,34.80503872324855,37,1
638,0,32.10876700038743,34.80504333909579,38,1
639,0,32.10879049422072,34.80505136671099,39,1
640,0,32.10880032665819,34.80505913794365,40,1
641,0,32.10877878927439,34.805075977514875,41,1
642,0,32.10878299905883,34.80506694376972,42,1
643,0,32.10878288183766,34.80506045433262,43,1
644,0,32.10878371119412,34.80508930397963,44,1
645,0,32.1087966623138,34.80507998279679,45,1
646,0,32.10880005393613,34.80510230646597,46,1
647,0,32.10881525293378,34.8050905014132,47,1
648,0,32.10881513370225,34.80508151320015,48,1
649,0,32.108813125426074,34.80509208455894,49,1
650,0,32.10881956140624,34.80508697306251,50,1
651,0,32.108827710770655,34.80510282543673,51,1
652,0,32.108836157392055,34.80508813820908,52,1
653,0,32.10883296077488,34.805100779601965,53,1
654,0,32.1088531741241,34.80509988025685,54,1
655,0,32.10884008246547,34.80512865926284,55,1
656,0,32.10885016691392,34.80511953788606,56,1
657,0,32.10884688788017,34.80511485150468,57,1
658,0,32.10886463396902,34.805125052326176,58,1
659,0,32.10886611923009,34.80511974520578,59,1
660,0,32.10887785263717,34.80512235707602,60,1
661,0,32.1088816112278,34.80512478266627,61,1
662,0,32.10888669365175,34.805131267124004,62,1
663,0,32.10889274878245,34.80511473337622,63,1
664,0,32.10890481795448,34.80511016440436,64,1
665,0,32.108873126083516,34.80512831967272,65,1
666,0,32.10889100080784,34.80514503521078,66,1
667,0,32.10888377444249,34.80514325266813,67,1
668,0,32.10889448681869,34.8051402395057,68,1
669,0,32.108890634262465,34.80513609183262,69,1
670,0,32.10891301718408,34.80515746470753,70,1
671,0,32.10891351798882,34.80515268339205,71,1
672,0,32.108909940544045,34.80515180318122,72,1
673,0,32.10891072178957,34.80515107256844,73,1
674,0,32.10890064519223,34.80514750438064,74,1
675,0,32.108916571088756,34.80515681504194,75,1
676,0,32.10889434078514,34.805151553595074,76,1
677,0,32.10890788419024,34.805135842748804,77,1
678,0,32.10888789888494,34.80512987109063,78,1
679,0,32.10889723981537,34.805146345018194,79,1
680,0,32.10888681675171,34.80514306482906,80,1
681,0,32.108922293887204,34.80516973339341,81,1
682,0,32.10888295321515,34.80512776042073,82,1
683,0,32.108863392173404,34.80512006981854,83,1
684,0,32.10886649760613,34.80513759987039,84,1
685,0,32.108911737460694,34.80509989733294,85,1
686,0,32.10886706581171,34.80512897557744,86,1
687,0,32.10886527498185,34.80512048856423,87,1
688,0,32.10885906266584,34.80511544023247,88,1
689,0,32.10883907921919,34.80511456686723,89,1
690,0,32.10884739794537,34.80512629422804,90,1
691,0,32.10886174505629,34.80508600992695,91,1
692,0,32.10886164957235,34.80508311473806,92,1
693,0,32.10881513390254,34.80511584440228,93,1
694,0,32.1088231217747,34.80510968059759,94,1
695,0,32.10882781627921,34.80510647586995,95,1
696,0,32.10882573499381,34.80509556482388,96,1
697,0,32.10881769227895,34.805093289316595,97,1
698,0,32.10881440508959,34.80510384060572,98,1
699,0,32.108819590085986,34.805096141219344,99,1
700,0,32.108809535631416,34.805089396891354,100,1
701,0,32.108800916453596,34.80507458763886,101,1
702,0,32.10880325574379,34.80508619445121,102,1
703,0,32.1087977758018,34.80509503287571,103,1
704,0,32.10881081071149,34.80508127826347,104,1
705,0,32.108781120349285,34.805071906655485,105,1
706,0,32.1087955247329,34.805077143482215,106,1
707,0,32.10879819259633,34.80505880028697,107,1
708,0,32.10879442882075,34.805088837257685,108,1
709,0,32.10878430639778,34.80506351774186,109,1
710,0,32.108778287810665,34.80505846951183,110,1
711,0,32.10879200559146,34.805056896466404,111,1
712,0,32.10878492649012,34.805041073521416,112,1
713,0,32.108776542428345,34.805070345785396,113,1
714,0,32.10877134501358,34.80505707698634,114,1
715,0,32.1087696647712,34.805033459025054,115,1
716,0,32.10875196487013,34.805038985677875,116,1
717,0,32.10878842835516,34.80503331279218,117,1
718,0,32.10875218376267,34.80501882033338,118,1
719,0,32.10875814912016,34.8050250556993,119,1
720,0,32.10877852736796,34.8050339592436,120,1
721,0,32.10877103685713,34.80502988152416,121,1
722,0,32.10876332054356,34.80504807894079,122,1
723,0,32.108758332859686,34.80504717863679,123,1
724,0,32.10875218572474,34.80503886548887,124,1
725,0,32.108755960179494,34.80502289877642,125,1
726,0,32.10875200595032,34.805017610501245,126,1
727,0,32.108755839453764,34.80503066736494,127,1
728,0,32.108749994953385,34.80502003654487,128,1
729,0,32.10874981053032,34.8050350530483,129,1
730,0,32.10874265020821,34.80500905997445,130,1
731,0,32.1087367457189,34.80498842977335,131,1
732,0,32.108741622199254,34.80498641158524,132,1
733,0,32.108751822551106,34.80499563995575,133,1
734,0,32.10873331559937,34.80501050849672,134,1
735,0,32.108721762649175,34.805014170177785,135,1
736,0,32.10873319983648,34.80503016046275,136,1
737,0,32.108726877106825,34.8050000904911,137,1
738,0,32.10871669140212,34.804983657367664,138,1
739,0,32.108729211677996,34.80502139929246,139,1
740,0,32.10872120678622,34.80499573873704,140,1
741,0,32.108714607628755,34.804985349183625,141,1
742,0,32.10873845188507,34.80500705441067,142,1
743,0,32.10872664349059,34.80500372888561,143,1
744,0,32.10871808503397,34.80496326581823,144,1
745,0,32.10870775254657,34.80495218396153,145,1
746,0,32.10870502075269,34.80496149064426,146,1
747,0,32.10871474414961,34.80496479041856,147,1
748,0,32.108685020576225,34.80497070805546,148,1
749,0,32.10866514687423,34.80494763082419,149,1
750,0,32.10869068045868,34.80496041317877,150,1
751,0,32.10868773201152,34.80498145934179,151,1
752,0,32.108687843993984,34.8049549843741,152,1
753,0,32.10868912459045,34.80498536735555,153,1
754,0,32.10868897840846,34.80496903124346,154,1
755,0,32.1086854899948,34.80496337909669,155,1
756,0,32.10868525619252,34.80498162561625,156,1
757,0,32.10870545372397,34.8049945528591,157,1
758,0,32.10869460538817,34.80495005594972,158,1
759,0,32.108700944197075,34.804994320605545,159,1
760,0,32.10871214237327,34.80498241603505,160,1
761,0,32.10870404309879,34.80500079504638,161,1
762,0,32.10872230794044,34.80499469504711,162,1
763,0,32.10870820448382,34.804997046720175,163,1
764,0,32.108718315232316,34.805039835105326,164,1
765,0,32.1087339600741,34.80501085582626,165,1
766,0,32.10873105046637,34.80503155344363,166,1
767,0,32.108732939737216,34.80503547542888,167,1
768,0,32.10872650288578,34.805014884814824,168,1
769,0,32.1087347959032,34.80503416191677,169,1
770,0,32.108730898839326,34.80498055074351,170,1
771,0,32.10873266466156,34.805028718042685,171,1
772,0,32.10874128615353,34.80502734467595,172,1
773,0,32.10874465117573,34.80502392593373,173,1
774,0,32.108751512763575,34.80502812998406,174,1
775,0,32.108754030173785,34.80502852562517,175,1
776,0,32.10874360792013,34.80502211164268,176,1
777,0,32.10875341936924,34.80502661004885,177,1
778,0,32.10875862738252,34.805035944745924,178,1
779,0,32.108749880578415,34.80504503731122,179,1
780,0,32.10876683663193,34.805038561619256,180,1
781,0,32.108758146028805,34.80503223036371,181,1
782,0,32.10878148630965,34.805048461321476,182,1
783,0,32.10876503495087,34.805047109228475,183,1
784,0,32.10876717851994,34.805034491211515,184,1
785,0,32.108775736116755,34.80507266444216,185,1
786,0,32.10877872120927,34.80504023593014,186,1
787,0,32.10877614418307,34.80503243293851,187,1
788,0,32.108784547903426,34.80505213434692,188,1
789,0,32.10877722245634,34.80499708407843,189,1
790,0,32.10879239915554,34.80505251165499,190,1
791,0,32.10878680014262,34.80508632846617,191,1
792,0,32.10878730971468,34.80507302144177,192,1
793,0,32.108791442421435,34.80508942261228,193,1
794,0,32.10880618242575,34.8050784747301,194,1
795,0,32.10879396233517,34.80509460984064,195,1
796,0,32.10879524864333,34.80508728647374,196,1
797,0,32.108807336342366,34.80508234044679,197,1
798,0,32.10880922919109,34.80509043983455,198,1
799,0,32.10880527970413,34.80510089636459,199,1
800,0,32.10881166478931,34.80509473386649,200,1
801,0,32.108802509358824,34.80509445394682,201,1
802,0,32.10882299105541,34.80509080888733,202,1
803,0,32.10882635429499,34.80509787066718,203,1
804,0,32.108817784313146,34.80509550000989,204,1
805,0,32.10882988261115,34.80511428792756,205,1
806,0,32.108824232939234,34.805129488682404,206,1
807,0,32.108827495742766,34.8051180622786,207,1
808,0,32.108833675136694,34.805109338601376,208,1
809,0,32.10884335043679,34.805104188941314,209,1
810,0,32.10884420376902,34.80511878789101,210,1
811,0,32.10883883876582,34.80511854686547,211,1
812,0,32.10884780151629,34.805113969069424,212,1
813,0,32.108838585154906,34.805108228571946,213,1
814,0,32.108851952077295,34.80511700919855,214,1
815,0,32.10885156543895,34.80512014632256,215,1
816,0,32.108847305182856,34.80511821208614,216,1
817,0,32.10885845916092,34.805116178406195,217,1
818,0,32.108866707413156,34.805119318442124,218,1
819,0,32.108868272494284,34.80512745981416,219,1
820,0,32.10887166090038,34.805116962950294,220,1
821,0,32.108860407470196,34.80512986673762,221,1
822,0,32.10887628549343,34.805109527824385,222,1
823,0,32.10888242836209,34.80512694729744,223,1
824,0,32.108878619545095,34.805111073417336,224,1
825,0,32.108893062303984,34.805130051458896,225,1
826,0,32.108869469737066,34.805149274765434,226,1
827,0,32.108894880424245,34.805145413016305,227,1
828,0,32.108886856888425,34.805130293140046,228,1
829,0,32.10891374321886,34.805149549418466,229,1
830,0,32.10891069300363,34.80516896042289,230,1
831,0,32.108910656887936,34.805151307792094,231,1
832,0,32.108883685907536,34.80515648880197,232,1
833,0,32.10889999900768,34.80517300778889,233,1
834,0,32.10890806497907,34.80514006622498,234,1
835,0,32.108912352611554,34.805137107174794,235,1
836,0,32.10866719652858,34.80497550427869,0,2
837,0,32.10869208849516,34.804944597401494,1,2
838,0,32.108669548704995,34.80494675529769,2,2
839,0,32.10870338707272,34.804936174907134,3,2
840,0,32.10867892555917,34.80495724573483,4,2
841,0,32.10868963684479,34.8049313392278,5,2
842,0,32.10868268610084,34.80495658057634,6,2
843,0,32.108706774017804,34.80498522469493,7,2
844,0,32.10869501254033,34.80497064362434,8,2
845,0,32.10869657587738,34.8049669108734,9,2
846,0,32.10870389217252,34.80499523623289,10,2
847,0,32.10875507219404,34.8050307346552,11,2
848,0,32.108732029146516,34.805003817496285,12,2
849,0,32.10871554579604,34.80499498804461,13,2
850,0,32.10872540550171,34.804993692250015,14,2
851,0,32.108720872758944,34.80502366597113,15,2
852,0,32.10871690921818,34.80502791465599,16,2
853,0,32.108730309884365,34.80502378098883,17,2
854,0,32.10872225162393,34.805022111027675,18,2
855,0,32.10872627022746,34.8050171352513,19,2
856,0,32.108716257446275,34.80502474824594,20,2
857,0,32.10872186157421,34.80502444457418,21,2
858,0,32.108732919995575,34.805016945082485,22,2
859,0,32.108745965312636,34.80505176521271,23,2
860,0,32.108747606252464,34.805043887800586,24,2
861,0,32.10874392319345,34.80504608091219,25,2
862,0,32.10875863185636,34.80504527406418,26,2
863,0,32.108749257194255,34.805046466319034,27,2
864,0,32.108734520731495,34.80503706018879,28,2
865,0,32.108754724695615,34.80504199952266,29,2
866,0,32.10875475667784,34.80504930196165,30,2
867,0,32.10875449208791,34.80505405014523,31,2
868,0,32.108758723361554,34.80505564492863,32,2
869,0,32.108762668268064,34.80506134540264,33,2
870,0,32.10878017374195,34.80505272690196,34,2
871,0,32.108771827619336,34.80505382089982,35,2
872,0,32.108782198946166,34.805059128609116,36,2
873,0,32.10877157328419,34.80503872324855,37,2
874,0,32.10876700038743,34.80504333909579,38,2
875,0,32.10879049422072,34.80505136671099,39,2
876,0,32.10880032665819,34.80505913794365,40,2
877,0,32.10877878927439,34.805075977514875,41,2
878,0,32.10878299905883,34.80506694376972,42,2
879,0,32.10878288183766,34.80506045433262,43,2
880,0,32.10878371119412,34.80508930397963,44,2
881,0,32.1087966623138,34.80507998279679,45,2
882,0,32.10880005393613,34.80510230646597,46,2
883,0,32.10881525293378,34.8050905014132,47,2
884,0,32.10881513370225,34.80508151320015,48,2
885,0,32.108813125426074,34.80509208455894,49,2
886,0,32.10881956140624,34.80508697306251,50,2
887,0,32.108827710770655,34.80510282543673,51,2
888,0,32.108836157392055,34.80508813820908,52,2
889,0,32.10883296077488,34.805100779601965,53,2
890,0,32.1088531741241,34.80509988025685,54,2
891,0,32.10884008246547,34.80512865926284,55,2
892,0,32.10885016691392,34.80511953788606,56,2
893,0,32.10884688788017,34.80511485150468,57,2
894,0,32.10886463396902,34.805125052326176,58,2
895,0,32.10886611923009,34.80511974520578,59,2
896,0,32.10887785263717,34.80512235707602,60,2
897,0,32.1088816112278,34.80512478266627,61,2
898,0,32.10888669365175,34.805131267124004,62,2
899,0,32.10889274878245,34.80511473337622,63,2
900,0,32.10890481795448,34.80511016440436,64,2
901,0,32.108873126083516,34.80512831967272,65,2
902,0,32.10889100080784,34.80514503521078,66,2
903,0,32.10888377444249,34.80514325266813,67,2
904,0,32.10889448681869,34.8051402395057,68,2
905,0,32.108890634262465,34.80513609183262,69,2
906,0,32.10891301718408,34.80515746470753,70,2
907,0,32.10891351798882,34.80515268339205,71,2
908,0,32.108909940544045,34.80515180318122,72,2
909,0,32.10891072178957,34.80515107256844,73,2
910,0,32.10890064519223,34.80514750438064,74,2
911,0,32.108916571088756,34.80515681504194,75,2
912,0,32.10889434078514,34.805151553595074,76,2
913,0,32.10890788419024,34.805135842748804,77,2
914,0,32.10888789888494,34.80512987109063,78,2
915,0,32.10889723981537,34.805146345018194,79,2
916,0,32.10888681675171,34.80514306482906,80,2
917,0,32.108922293887204,34.80516973339341,81,2
918,0,32.10888295321515,34.80512776042073,82,2
919,0,32.108863392173404,34.80512006981854,83,2
920,0,32.10886649760613,34.80513759987039,84,2
921,0,32.108911737460694,34.80509989733294,85,2
922,0,32.10886706581171,34.80512897557744,86,2
923,0,32.10886527498185,34.80512048856423,87,2
924,0,32.10885906266584,34.80511544023247,88,2
925,0,32.10883907921919,34.80511456686723,89,2
926,0,32.10884739794537,34.80512629422804,90,2
927,0,32.10886174505629,34.80508600992695,91,2
928,0,32.10886164957235,34.80508311473806,92,2
929,0,32.10881513390254,34.80511584440228,93,2
930,0,32.1088231217747,34.80510968059759,94,2
931,0,32.10882781627921,34.80510647586995,95,2
932,0,32.10882573499381,34.80509556482388,96,2
933,0,32.10881769227895,34.805093289316595,97,2
934,0,32.10881440508959,34.80510384060572,98,2
935,0,32.108819590085986,34.805096141219344,99,2
936,0,32.108809535631416,34.805089396891354,100,2
937,0,32.108800916453596,34.80507458763886,101,2
938,0,32.10880325574379,34.80508619445121,102,2
939,0,32.1087977758018,34.80509503287571,103,2
940,0,32.10881081071149,34.80508127826347,104,2
941,0,32.108781120349285,34.805071906655485,105,2
942,0,32.1087955247329,34.805077143482215,106,2
943,0,32.10879819259633,34.80505880028697,107,2
944,0,32.10879442882075,34.805088837257685,108,2
945,0,32.10878430639778,34.80506351774186,109,2
946,0,32.108778287810665,34.80505846951183,110,2
947,0,32.10879200559146,34.805056896466404,111,2
948,0,32.10878492649012,34.805041073521416,112,2
949,0,32.108776542428345,34.805070345785396,113,2
950,0,32.10877134501358,34.80505707698634,114,2
951,0,32.1087696647712,34.805033459025054,115,2
952,0,32.10875196487013,34.805038985677875,116,2
953,0,32.10878842835516,34.80503331279218,117,2
954,0,32.10875218376267,34.80501882033338,118,2
955,0,32.10875814912016,34.8050250556993,119,2
956,0,32.10877852736796,34.8050339592436,120,2
957,0,32.10877103685713,34.80502988152416,121,2
958,0,32.10876332054356,34.80504807894079,122,2
959,0,32.108758332859686,34.80504717863679,123,2
960,0,32.10875218572474,34.80503886548887,124,2
961,0,32.108755960179494,34.80502289877642,125,2
962,0,32.10875200595032,34.805017610501245,126,2
963,0,32.108755839453764,34.80503066736494,127,2
964,0,32.108749994953385,34.80502003654487,128,2
965,0,32.10874981053032,34.8050350530483,129,2
966,0,32.10874265020821,34.80500905997445,130,2
967,0,32.1087367457189,34.80498842977335,131,2
968,0,32.108741622199254,34.80498641158524,132,2
969,0,32.108751822551106,34.80499563995575,133,2
970,0,32.10873331559937,34.80501050849672,134,2
971,0,32.108721762649175,34.805014170177785,135,2
972,0,32.10873319983648,34.80503016046275,136,2
973,0,32.108726877106825,34.8050000904911,137,2
974,0,32.10871669140212,34.804983657367664,138,2
975,0,32.108729211677996,34.80502139929246,139,2
976,0,32.10872120678622,34.80499573873704,140,2
977,0,32.108714607628755,34.804985349183625,141,2
978,0,32.10873845188507,34.80500705441067,142,2
979,0,32.10872664349059,34.80500372888561,143,2
980,0,32.10871808503397,34.80496326581823,144,2
981,0,32.10870775254657,34.80495218396153,145,2
982,0,32.10870502075269,34.80496149064426,146,2
983,0,32.10871474414961,34.80496479041856,147,2
984,0,32.108685020576225,34.80497070805546,148,2
985,0,32.10866514687423,34.80494763082419,149,2
986,0,32.10869068045868,34.80496041317877,150,2
987,0,32.10868773201152,34.80498145934179,151,2
988,0,32.108687843993984,34.8049549843741,152,2
989,0,32.10868912459045,34.80498536735555,153,2
990,0,32.10868897840846,34.80496903124346,154,2
991,0,32.1086854899948,34.80496337909669,155,2
992,0,32.10868525619252,34.80498162561625,156,2
993,0,32.10870545372397,34.8049945528591,157,2
994,0,32.10869460538817,34.80495005594972,158,2
995,0,32.108700944197075,34.804994320605545,159,2
996,0,32.10871214237327,34.80498241603505,160,2
997,0,32.10870404309879,34.80500079504638,161,2
998,0,32.10872230794044,34.80499469504711,162,2
999,0,32.10870820448382,34.804997046720175,163,2
1000,0,32.108718315232316,34.805039835105326,164,2
1001,0,32.1087339600741,34.80501085582626,165,2
1002,0,32.10873105046637,34.80503155344363,166,2
1003,0,32.108732939737216,34.80503547542888,167,2
1004,0,32.10872650288578,34.805014884814824,168,2
1005,0,32.1087347959032,34.80503416191677,169,2
1006,0,32.108730898839326,34.80498055074351,170,2
1007,0,32.10873266466156,34.805028718042685,171,2
1008,0,32.10874128615353,34.80502734467595,172,2
1009,0,32.10874465117573,34.80502392593373,173,2
1010,0,32.108751512763575,34.80502812998406,174,2
1011,0,32.108754030173785,34.80502852562517,175,2
1012,0,32.10874360792013,34.80502211164268,176,2
1013,0,32.10875341936924,34.80502661004885,177,2
1014,0,32.10875862738252,34.805035944745924,178,2
1015,0,32.108749880578415,34.80504503731122,179,2
1016,0,32.10876683663193,34.805038561619256,180,2
1017,0,32.108758146028805,34.80503223036371,181,2
1018,0,32.10878148630965,34.805048461321476,182,2
1019,0,32.10876503495087,34.805047109228475,183,2
1020,0,32.10876717851994,34.805034491211515,184,2
1021,0,32.108775736116755,34.80507266444216,185,2
1022,0,32.10877872120927,34.80504023593014,186,2
1023,0,32.10877614418307,34.80503243293851,187,2
1024,0,32.108784547903426,34.80505213434692,188,2
1025,0,32.10877722245634,34.80499708407843,189,2
1026,0,32.10879239915554,34.80505251165499,190,2
1027,0,32.10878680014262,34.80508632846617,191,2
1028,0,32.10878730971468,34.80507302144177,192,2
1029,0,32.108791442421435,34.80508942261228,193,2
1030,0,32.10880618242575,34.8050784747301,194,2
1031,0,32.10879396233517,34.80509460984064,195,2
1032,0,32.10879524864333,34.80508728647374,196,2
1033,0,32.108807336342366,34.80508234044679,197,2
1034,0,32.10880922919109,34.80509043983455,198,2
1035,0,32.10880527970413,34.80510089636459,199,2
1036,0,32.10881166478931,34.80509473386649,200,2
1037,0,32.108802509358824,34.80509445394682,201,2
1038,0,32.10882299105541,34.80509080888733,202,2
1039,0,32.10882635429499,34.80509787066718,203,2
1040,0,32.108817784313146,34.80509550000989,204,2
1041,0,32.10882988261115,34.80511428792756,205,2
1042,0,32.108824232939234,34.805129488682404,206,2
1043,0,32.108827495742766,34.8051180622786,207,2
1044,0,32.108833675136694,34.805109338601376,208,2
1045,0,32.10884335043679,34.805104188941314,209,2
1046,0,32.10884420376902,34.80511878789101,210,2
1047,0,32.10883883876582,34.80511854686547,211,2
1048,0,32.10884780151629,34.805113969069424,212,2
1049,0,32.108838585154906,34.805108228571946,213,2
1050,0,32.108851952077295,34.80511700919855,214,2
1051,0,32.10885156543895,34.80512014632256,215,2
1052,0,32.108847305182856,34.80511821208614,216,2
1053,0,32.10885845916092,34.805116178406195,217,2
1054,0,32.108866707413156,34.805119318442124,218,2
1055,0,32.108868272494284,34.80512745981416,219,2
1056,0,32.10887166090038,34.805116962950294,220,2
1057,0,32.108860407470196,34.80512986673762,221,2
1058,0,32.10887628549343,34.805109527824385,222,2
1059,0,32.10888242836209,34.80512694729744,223,2
1060,0,32.108878619545095,34.805111073417336,224,2
1061,0,32.108893062303984,34.805130051458896,225,2
1062,0,32.108869469737066,34.805149274765434,226,2
1063,0,32.108894880424245,34.805145413016305,227,2
1064,0,32.108886856888425,34.805130293140046,228,2
1065,0,32.10891374321886,34.805149549418466,229,2
1066,0,32.10891069300363,34.80516896042289,230,2
1067,0,32.108910656887936,34.805151307792094,231,2
1068,0,32.108883685907536,34.80515648880197,232,2
1069,0,32.10889999900768,34.80517300778889,233,2
1070,0,32.10890806497907,34.80514006622498,234,2
1071,0,32.108912352611554,34.805137107174794,235,2
1072,0,32.10873421581283,34.805442759194655,0,3
1073,0,32.10870830216369,34.80548319999797,1,3
1074,0,32.10871196798363,34.805471862521614,2,3
1075,0,32.10870914711812,34.80547783969296,3,3
1076,0,32.10870599597172,34.80548180903085,4,3
1077,0,32.10869906209871,34.8054895510788,5,3
1078,0,32.10870207286626,34.805484598383956,6,3
1079,0,32.10868640136471,34.805490564414356,7,3
1080,0,32.10872578249375,34.80545435723212,8,3
1081,0,32.108701492267066,34.805472820167644,9,3
1082,0,32.10869988330746,34.80547203110222,10,3
1083,0,32.108737756400274,34.805445220799726,11,3
1084,0,32.10870498670515,34.805462042056966,12,3
1085,0,32.108697505119615,34.80546457877024,13,3
1086,0,32.10868083979404,34.80548308929169,14,3
1087,0,32.1086895105865,34.80546636892432,15,3
1088,0,32.1086856042113,34.80545447501463,16,3
1089,0,32.10868997949202,34.805455400609596,17,3
1090,0,32.108689562318276,34.80547683999523,18,3
1091,0,32.10868473014155,34.805457576695005,19,3
1092,0,32.108699678164804,34.80544199482055,20,3
1093,0,32.10868742117272,34.805438326702294,21,3
1094,0,32.10871994535012,34.8054318599521,22,3
1095,0,32.108678103159356,34.80545029733947,23,3
1096,0,32.108676876320985,34.80543908226551,24,3
1097,0,32.10872646222446,34.80544680663785,25,3
1098,0,32.1087349325546,34.805434855337936,26,3
1099,0,32.1087036221053,34.80544174654002,27,3
1100,0,32.10869517915219,34.80542791986124,28,3
1101,0,32.1086860290412,34.805439813097856,29,3
1102,0,32.108686540329835,34.805431693022015,30,3
1103,0,32.1087433214745,34.80541741729073,31,3
1104,0,32.10876393800774,34.80547644691564,32,3
1105,0,32.10869717151922,34.8054523714731,33,3
1106,0,32.108712830983265,34.80544275397109,34,3
1107,0,32.10869600673523,34.80541675160868,35,3
1108,0,32.10875429932408,34.805459494894905,36,3
1109,0,32.10870345880064,34.805399810774055,37,3
1110,0,32.10870030418003,34.805414250683235,38,3
1111,0,32.10870349443419,34.80540926822037,39,3
1112,0,32.10870467606312,34.80541151713132,40,3
1113,0,32.10871620421398,34.805413623451976,41,3
1114,0,32.10874407055647,34.80540555615124,42,3
1115,0,32.10873088363967,34.80540993475142,43,3
1116,0,32.10874053200057,34.805403510494635,44,3
1117,0,32.10873055017108,34.805402048920406,45,3
1118,0,32.10871585129068,34.805392784718535,46,3
1119,0,32.108714480405226,34.80538179918201,47,3
1120,0,32.10873782233465,34.805368364716585,48,3
1121,0,32.108703161969515,34.80537186675798,49,3
1122,0,32.10871055895445,34.805361723578905,50,3
1123,0,32.108723408103835,34.80538271455314,51,3
1124,0,32.10879996912944,34.80541118769168,52,3
1125,0,32.108712546810644,34.805352449922594,53,3
1126,0,32.10873695093072,34.80536923162729,54,3
1127,0,32.10875091192023,34.80536646893167,55,3
1128,0,32.10871438569713,34.80533128008586,56,3
1129,0,32.108744058018836,34.805356620974,57,3
1130,0,32.108736768798636,34.805353941220986,58,3
1131,0,32.10873861396455,34.80535370983406,59,3
1132,0,32.10873494472182,34.80534724635399,60,3
1133,0,32.108742540535395,34.80533934728516,61,3
1134,0,32.10874248030265,34.80533328982936,62,3
1135,0,32.10874209809927,34.80534094089619,63,3
1136,0,32.10874897974416,34.805339527371345,64,3
1137,0,32.10876105187349,34.80535816882109,65,3
1138,0,32.10875062546748,34.80534850338312,66,3
1139,0,32.108764172794785,34.80533623815491,67,3
1140,0,32.108757193709096,34.805315932889215,68,3
1141,0,32.10876195096537,34.80533821396772,69,3
1142,0,32.108754963886916,34.80534003329394,70,3
1143,0,32.10877071444668,34.80534023950224,71,3
1144,0,32.10877382783676,34.8053300506931,72,3
1145,0,32.108778969082266,34.80533307254114,73,3
1146,0,32.10878408681028,34.80534085119982,74,3
1147,0,32.10877974833011,34.805322919270594,75,3
1148,0,32.10878132325163,34.80531138125269,76,3
1149,0,32.108776515418924,34.80530885164625,77,3
1150,0,32.10877703011744,34.805314992554976,78,3
1151,0,32.108773007592426,34.80530993689171,79,3
1152,0,32.10877449615558,34.805311084385814,80,3
1153,0,32.108777586546125,34.805305241883616,81,3
1154,0,32.10877699975995,34.8053070826537,82,3
1155,0,32.1087778308765,34.80530223524808,83,3
1156,0,32.10877950823838,34.80530094661504,84,3
1157,0,32.108778512394416,34.80530360195842,85,3
1158,0,32.108768378659306,34.805290140737696,86,3
1159,0,32.10877104447747,34.80529153994368,87,3
1160,0,32.10876418904108,34.80528571011278,88,3
1161,0,32.1087674928309,34.805286740403346,89,3
1162,0,32.10875327686744,34.805285223326166,90,3
1163,0,32.10877647167825,34.80528778925898,91,3
1164,0,32.108771413667306,34.80528101011349,92,3
1165,0,32.108774673283065,34.80527008125711,93,3
1166,0,32.10876742167134,34.80527562795149,94,3
1167,0,32.108778683769884,34.80527747002033,95,3
1168,0,32.10878376530433,34.805267544410455,96,3
1169,0,32.10878538351681,34.805266816616616,97,3
1170,0,32.10878604230992,34.80526258957667,98,3
1171,0,32.10878296795835,34.805261336647426,99,3
1172,0,32.10878443151267,34.80526229220116,100,3
1173,0,32.10878686574483,34.80526773005495,101,3
1174,0,32.10879324850092,34.80526829345408,102,3
1175,0,32.108806604684254,34.80526236381147,103,3
1176,0,32.10880700892378,34.80525984739617,104,3
1177,0,32.10880118030594,34.80525737404003,105,3
1178,0,32.108801711669386,34.80525335436792,106,3
1179,0,32.10880348479558,34.805259728123055,107,3
1180,0,32.10879215862301,34.80525044673709,108,3
1181,0,32.10881067858742,34.80525655981682,109,3
1182,0,32.108811382056004,34.80525046603799,110,3
1183,0,32.10882044221074,34.80525551711506,111,3
1184,0,32.10880998963768,34.80524768457902,112,3
1185,0,32.108823738601,34.80525286042274,113,3
1186,0,32.10881296790942,34.80524024363297,114,3
1187,0,32.108807512278844,34.80523854996042,115,3
1188,0,32.10881021040237,34.80523762522479,116,3
1189,0,32.10881164562578,34.805232269918854,117,3
1190,0,32.10880475516843,34.80523051633184,118,3
1191,0,32.108811574162715,34.80523051648633,119,3
1192,0,32.108790559836365,34.805223832245474,120,3
1193,0,32.10879943365312,34.80523479093162,121,3
1194,0,32.10882773358773,34.80523073932166,122,3
1195,0,32.10881890584652,34.80522917635137,123,3
1196,0,32.10883179847092,34.805232938030684,124,3
1197,0,32.108811402104216,34.80523254170725,125,3
1198,0,32.10881639011695,34.805241266282394,126,3
1199,0,32.108889636829964,34.805141257002774,0,4
1200,0,32.10886753258735,34.80512925101447,1,4
1201,0,32.108898159747135,34.805146109358596,2,4
1202,0,32.108859840600914,34.80513422260576,3,4
1203,0,32.10888905681688,34.80512665368964,4,4
1204,0,32.10888597622765,34.805140197796014,5,4
1205,0,32.10888829768595,34.80513715313519,6,4
1206,0,32.10889132961518,34.8051411613171,7,4
1207,0,32.108882720490705,34.80515512991055,8,4
1208,0,32.10889197856246,34.80513904811627,9,4
1209,0,32.108913200478256,34.805147176962194,10,4
1210,0,32.1089015943687,34.80514029443414,11,4
1211,0,32.10889445315465,34.80513531995621,12,4
1212,0,32.10888644828163,34.805128380417585,13,4
1213,0,32.10890109081331,34.80513543358182,14,4
1214,0,32.108912200266154,34.805140032615846,15,4
1215,0,32.108890005105316,34.80514197402309,16,4
1216,0,32.10891449810306,34.80515017547794,17,4
1217,0,32.1089337993028,34.80517014891766,18,4
1218,0,32.108889926218495,34.80512188408112,19,4
1219,0,32.108954312224355,34.8051854328421,20,4
1220,0,32.1089207332512,34.805133282006,21,4
1221,0,32.10889393192895,34.80511442575109,22,4
1222,0,32.10892119384876,34.8051308239007,23,4
1223,0,32.10887299764702,34.80510309765926,24,4
1224,0,32.1089000202149,34.80511508647919,25,4
1225,0,32.108775396309824,34.805035604234384,26,4
1226,0,32.108920163388305,34.80512975530863,27,4
1227,0,32.108913337125216,34.805120566298925,28,4
1228,0,32.108742127025316,34.80500418867728,29,4
1229,0,32.10884345139836,34.80505609450427,30,4
1230,0,32.10877344659928,34.80501483984538,31,4
1231,0,32.10893318997808,34.80510097459398,32,4
1232,0,32.10892306501196,34.80510533690791,33,4
1233,0,32.10891720567297,34.80511058286435,34,4
1234,0,32.108764391545975,34.805015319227905,35,4
1235,0,32.108898762510904,34.805105430454816,36,4
1236,0,32.10890991352296,34.80510099240824,37,4
1237,0,32.108888912426025,34.80511744587523,38,4
1238,0,32.10889257086929,34.8051161596823,39,4
1239,0,32.1089228983808,34.80512557192528,40,4
1240,0,32.10893259299353,34.805168182119424,41,4
1241,0,32.10890359730764,34.80513050560598,42,4
1242,0,32.10889631254514,34.805130731502054,43,4
1243,0,32.10890605459232,34.805148217745554,44,4
1244,0,32.1089087579719,34.805145084295305,45,4
1245,0,32.1088867126123,34.805134495040775,46,4
1246,0,32.10889609203337,34.80513618007278,47,4
1247,0,32.108920820013175,34.80516787527364,48,4
1248,0,32.108909114289105,34.80514940451829,49,4
1249,0,32.10890305709516,34.80514969393551,50,4
1250,0,32.10888344797627,34.805144423470765,51,4
1251,0,32.10889908045476,34.80516554635079,52,4
1252,0,32.10888379159316,34.805142181878644,53,4
1253,0,32.10891102833298,34.80515783009873,54,4
1254,0,32.10889036720256,34.805132073419564,55,4
1255,0,32.10891054892429,34.8051515484071,56,4
1256,0,32.10888455467374,34.805135546930494,57,4
1257,0,32.108918221626986,34.80514154462331,58,4
1258,0,32.10890127323706,34.805135814515914,59,4
1259,0,32.1089164095951,34.805144697802504,60,4
1260,0,32.10888728327593,34.80513414244517,61,4
1261,0,32.10888828327054,34.80512780485935,62,4
1262,0,32.10891168751376,34.80514758822293,63,4
1263,0,32.10891106490026,34.80513428751701,64,4
1264,0,32.1089142882008,34.80513511967746,65,4
1265,0,32.10889029430104,34.80511622207164,66,4
1266,0,32.10887321776834,34.80509655316609,67,4
1267,0,32.10886687744241,34.80511163022478,68,4
1268,0,32.10886334815471,34.805105892331945,69,4
1269,0,32.10886604553909,34.80510585450704,70,4
1270,0,32.10888509813496,34.805109373182304,71,4
1271,0,32.10887966464187,34.80510331452282,72,4
1272,0,32.10889393972303,34.80511023699122,73,4
1273,0,32.108885116691674,34.80510712558077,74,4
1274,0,32.108889965467945,34.80511779764301,75,4
1275,0,32.10887513731629,34.805110233026205,76,4
1276,0,32.10889332426756,34.80511430202157,77,4
1277,0,32.10888195866246,34.80512005583033,78,4
1278,0,32.10887636612887,34.80512672850348,79,4
1279,0,32.108887254320564,34.80510212139915,80,4
1280,0,32.10890810715757,34.805104714502015,81,4
1281,0,32.108888990833066,34.80510275260573,82,4
1282,0,32.10890326522029,34.80510615829017,83,4
1283,0,32.10889597683098,34.80510429057571,84,4
1284,0,32.1089176637595,34.80514322359499,85,4
1285,0,32.10892913113813,34.80511258343649,86,4
1286,0,32.108922110123686,34.80509483812463,87,4
1287,0,32.10888107503865,34.805117383788286,88,4
1288,0,32.10890705295348,34.805132419490384,89,4
1289,0,32.10891370474157,34.8051223806273,90,4
1290,0,32.10889965794657,34.80512078057041,91,4
1291,0,32.10888894019299,34.805118003571664,92,4
1292,0,32.108875960686,34.80510861404856,93,4
1293,0,32.108892473752356,34.80508474802579,94,4
1294,0,32.10886653380971,34.80511361816798,95,4
1295,0,32.10887416634125,34.80512124782969,96,4
1296,0,32.10889729458517,34.805116789986286,97,4
1297,0,32.10890351839716,34.80508855337854,98,4
1298,0,32.10890654553374,34.805087131137974,99,4
1299,0,32.1089116196431,34.805108583906026,100,4
1300,0,32.108892343269126,34.80510442727022,101,4
1301,0,32.10892785477157,34.80511210550197,102,4
1302,0,32.10893139207277,34.80510138253823,103,4
1303,0,32.10891428083134,34.805118344932815,104,4
1304,0,32.108923740386935,34.80515844130054,105,4
1305,0,32.108930896724104,34.80517845548096,106,4
1306,0,32.10891512204127,34.80514055113021,107,4
1307,0,32.108913172350526,34.805131151063186,108,4
1308,0,32.108922836538106,34.80511321817444,109,4
1309,0,32.108917054837974,34.805117679163914,110,4
1310,0,32.108931818131666,34.80510319853624,111,4
1311,0,32.10892975303322,34.805108423449404,112,4
1312,0,32.10890889008533,34.80511549397254,113,4
1313,0,32.10889847658385,34.805115096595394,114,4
1314,0,32.10889924160468,34.805122671894345,115,4
1315,0,32.1089316464248,34.805192759558324,116,4
1316,0,32.108923239102836,34.80517122002354,117,4
1317,0,32.108934738241516,34.80517619906095,118,4
1318,0,32.1088719546073,34.80514131822372,119,4
1319,0,32.10891444105132,34.80512676834374,120,4
1320,0,32.10890134827253,34.80509020988064,121,4
1321,0,32.108916772671364,34.80511047433443,122,4
1322,0,32.10891311938359,34.805102663942385,123,4
1323,0,32.10892540029564,34.8051227689647,124,4
1324,0,32.10889803689966,34.805106260379596,125,4
1325,0,32.10888824494905,34.805139510418215,126,4
1326,0,32.10892672361534,34.80521120246257,127,4
1327,0,32.10885996887875,34.805142052401806,128,4
1328,0,32.10887997345391,34.80511494623066,129,4
1329,0,32.1088861354822,34.805114660395795,130,4
1330,0,32.10890720991437,34.80511098751887,131,4
1331,0,32.10885748997944,34.805125953782174,132,4
1332,0,32.108909522741506,34.805138796397635,0,5
1333,0,32.108905429608875,34.80513397527148,1,5
1334,0,32.108909357057264,34.805139942547505,2,5
1335,0,32.10888806100296,34.80512807137976,3,5
1336,0,32.108911712603145,34.80514573309689,4,5
1337,0,32.10891789729262,34.80513570047285,5,5
1338,0,32.10890322432531,34.80513163984315,6,5
1339,0,32.10888169964199,34.80511890915882,7,5
1340,0,32.10887782011501,34.8051106128717,8,5
1341,0,32.10889512980351,34.80510268037172,9,5
1342,0,32.108879650748534,34.80512324803203,10,5
1343,0,32.10887500884834,34.80511757898582,11,5
1344,0,32.1088661468259,34.805123247774226,12,5
1345,0,32.10887537759398,34.805123073418805,13,5
1346,0,32.10886292929398,34.80511581644343,14,5
1347,0,32.10887327147972,34.80511728263889,15,5
1348,0,32.10886454041211,34.805112206668724,16,5
1349,0,32.10886303301142,34.80509653172589,17,5
1350,0,32.10885128191569,34.80511954532558,18,5
1351,0,32.10884329651152,34.80512917869497,19,5
1352,0,32.10885506298369,34.80508654255172,20,5
1353,0,32.10885574934467,34.805117053223285,21,5
1354,0,32.10885279481391,34.805119080936876,22,5
1355,0,32.108861730051224,34.8050877199026,23,5
1356,0,32.108868466965596,34.805113701965496,24,5
1357,0,32.108853495567125,34.805126743676134,25,5
1358,0,32.10886841351585,34.8050986918349,26,5
1359,0,32.10887488523614,34.80510351616163,27,5
1360,0,32.1088367626772,34.80513397244147,28,5
1361,0,32.10885781597941,34.80512785013999,29,5
1362,0,32.1088510177344,34.805124487449596,30,5
1363,0,32.10889724781276,34.80510197659052,31,5
1364,0,32.10885816194505,34.80512461566271,32,5
1365,0,32.10886148922009,34.80513419608196,33,5
1366,0,32.1088857772475,34.80514000605133,34,5
1367,0,32.1089022341988,34.80510310932896,35,5
1368,0,32.10889170580734,34.805110553598276,36,5
1369,0,32.10887405447174,34.80511294443163,37,5
1370,0,32.10886987015202,34.80511383702174,38,5
1371,0,32.10887904169335,34.80512654554688,39,5
1372,0,32.10887751197254,34.80510486934908,40,5
1373,0,32.108876640775904,34.805125035256395,41,5
1374,0,32.108923799160294,34.80511050880219,42,5
1375,0,32.108880410537054,34.80512932485754,43,5
1376,0,32.10888620761224,34.805123267232865,44,5
1377,0,32.10888106395009,34.80512342689992,45,5
1378,0,32.10887828510412,34.805126262758876,46,5
1379,0,32.10889916053132,34.805107225226386,47,5
1380,0,32.10889936124117,34.80515147858638,48,5
1381,0,32.1088753167709,34.80513386146721,49,5
1382,0,32.10889105664292,34.805137149436064,50,5
1383,0,32.10888290131173,34.805131952498904,51,5
1384,0,32.10887373379573,34.805133161688296,52,5
1385,0,32.10889027558331,34.805140987571484,53,5
1386,0,32.108887863935934,34.805149272554225,54,5
1387,0,32.10890442859651,34.8051489591789,55,5
1388,0,32.108879882078405,34.80513663998934,56,5
1389,0,32.10890926449737,34.80514834989431,57,5
1390,0,32.10890299806944,34.80515041564958,58,5
1391,0,32.10889374742735,34.805153115412736,59,5
1392,0,32.10889841160549,34.80515453987737,60,5
1393,0,32.10891836085054,34.805155308944066,61,5
1394,0,32.10891172957895,34.80515516285803,62,5
1395,0,32.108924769864984,34.80518602725388,63,5
1396,0,32.10894374947885,34.805193190419665,64,5
1397,0,32.108923027716,34.805169001362515,65,5
1398,0,32.108939616435826,34.80518371006605,66,5
1399,0,32.10892186923942,34.80513257982125,67,5
1400,0,32.108851685745584,34.805083320154516,68,5
1401,0,32.10891842517791,34.805135226566385,69,5
1402,0,32.10877996092888,34.80504190754238,70,5
1403,0,32.10892532439911,34.80521596948955,71,5
1404,0,32.108911154849764,34.80520809865222,72,5
1405,0,32.108873860452675,34.80516838543478,73,5
1406,0,32.10891501466871,34.80521797998371,74,5
1407,0,32.108850541310765,34.80507370719968,75,5
1408,0,32.108828755564105,34.80513075305256,76,5
1409,0,32.10880820738903,34.80509513437318,77,5
1410,0,32.10879813272528,34.80508592967536,78,5
1411,0,32.10879913276202,34.805110663358114,79,5
1412,0,32.108845608078745,34.80511511152996,80,5
1413,0,32.108868835551434,34.80510703510781,81,5
1414,0,32.108830316864385,34.80510623826855,82,5
1415,0,32.108854627977955,34.80509742930797,83,5
1416,0,32.10880937044994,34.80507220900612,84,5
1417,0,32.108827363283,34.80507368148163,85,5
1418,0,32.10888114709091,34.80509388723909,86,5
1419,0,32.10883824359309,34.80511225440842,87,5
1420,0,32.10884995498978,34.805106933557184,88,5
1421,0,32.10883321478775,34.80510586782983,89,5
1422,0,32.10884263751671,34.80511195581962,90,5
1423,0,32.10884429089482,34.80511477675445,91,5
1424,0,32.108926079744066,34.805190867997716,92,5
1425,0,32.10890310116011,34.80520923821173,93,5
1426,0,32.10884138494555,34.80512432403582,94,5
1427,0,32.10884190127737,34.80513281655785,95,5
1428,0,32.108834708440874,34.80512518761042,96,5
1429,0,32.10889337628621,34.8050882935974,97,5
1430,0,32.108820372665726,34.8051556413216,98,5
1431,0,32.108822835183865,34.80515162289023,99,5
1432,0,32.10889578750251,34.805202781093676,100,5
1433,0,32.10887534766853,34.80510682761511,101,5
1434,0,32.10889847582629,34.80512883566356,102,5
1435,0,32.108830826284326,34.80515993355653,103,5
1436,0,32.10881051279693,34.8051836303603,104,5
1437,0,32.10888885596306,34.80521447763807,105,5
1438,0,32.10883497249679,34.8051664879181,106,5
1439,0,32.108803181667724,34.80515815389948,107,5
1440,0,32.108847031423466,34.8052070590501,108,5
1441,0,32.10879021939432,34.805175298238446,109,5
1442,0,32.10881935471874,34.805146426007994,110,5
1443,0,32.108818037148986,34.80515678036341,111,5
1444,0,32.10888485727751,34.80522789775006,112,5
1445,0,32.10887713558071,34.80523527417881,113,5
1446,0,32.10888313990434,34.805237884777796,114,5
1447,0,32.10887593288451,34.80523937277908,115,5
1448,0,32.10887010359244,34.80522735553959,116,5
1449,0,32.10882766537858,34.80518861343112,117,5
1450,0,32.10887603385635,34.80524049715358,118,5
1451,0,32.108820800699625,34.80518698600723,119,5
1452,0,32.10881649751229,34.8051801298051,120,5
1453,0,32.108853470177976,34.80522712199953,121,5
1454,0,32.108857048605394,34.80522820524936,122,5
1455,0,32.10886449070294,34.805209550752274,123,5
1456,0,32.108828962875194,34.80522747894781,124,5
1457,0,32.10884758519688,34.80522046026737,125,5
1458,0,32.10884913083574,34.80522428386539,126,5
1459,0,32.10885098606947,34.805199759656524,127,5
1460,0,32.108826337501064,34.80522886155527,128,5
1461,0,32.10882038187226,34.805226216794914,129,5
1462,0,32.10885585153594,34.805230991974376,130,5
1463,0,32.10883628740979,34.8052210639128,131,5
1464,0,32.108830908687864,34.80521468213556,132,5
1465,0,32.10884568991151,34.80521694026262,133,5
1466,0,32.10884089416636,34.80521501495826,134,5
1467,0,32.108802160644345,34.805173372652455,135,5
1468,0,32.108825540503055,34.80517757196683,136,5
1469,0,32.10882751525597,34.805185593888986,137,5
1470,0,32.10883757748051,34.80518986814785,138,5
1471,0,32.108818486741164,34.80518579705667,139,5
1472,0,32.108851264922144,34.80517263058283,140,5
1473,0,32.108836226633706,34.8051686131783,141,5
1474,0,32.10884061772958,34.80518695396235,142,5
1475,0,32.108795103207854,34.80516689757602,143,5
1476,0,32.10882804270422,34.80516432743363,144,5
1477,0,32.10880487479912,34.805164746508794,145,5
1478,0,32.10883064189561,34.80516769953205,146,5
1479,0,32.10878775895843,34.805160526865464,147,5
1480,0,32.10881144599178,34.805159521887646,148,5
1481,0,32.10883761753644,34.80516159551479,149,5
1482,0,32.10884120628647,34.80516120832992,150,5
1483,0,32.108808969938536,34.805182177104506,151,5
1484,0,32.10880807999878,34.80515627640524,152,5
1485,0,32.108833956183744,34.805149722608704,153,5
1486,0,32.1088357712519,34.805164011130785,154,5
1487,0,32.10881769751376,34.805123904920734,155,5
1488,0,32.10883345415609,34.80513107118834,156,5
1489,0,32.10883987537347,34.80513506773233,157,5
1490,0,32.1088344058971,34.80512837853815,158,5
1491,0,32.10883719564708,34.80511757223159,159,5
1492,0,32.1088168729418,34.805116690811005,160,5
1493,0,32.108821969535875,34.80512698087814,161,5
1494,0,32.108844157691074,34.805128408579904,162,5
1495,0,32.10881314318478,34.80509086003183,163,5
1496,0,32.10884765800495,34.80512966243744,164,5
1497,0,32.10886820996575,34.805119288993765,165,5
1498,0,32.10890095859289,34.80519329547185,166,5
1499,0,32.10892928573609,34.805197891137844,167,5
1500,0,32.10882549672704,34.80510853719337,168,5
1501,0,32.10882629939019,34.80510945094647,169,5
1502,0,32.10884277001349,34.80510019649507,170,5
1503,0,32.10888313982469,34.80506562756015,171,5
1504,0,32.108930579984694,34.8051962607355,172,5
1505,0,32.10886980210386,34.80512625012055,173,5
1506,0,32.10882533019694,34.80508511066368,174,5
1507,0,32.1088460761068,34.805088056178796,175,5
1508,0,32.108808093355755,34.80509891866843,176,5
1509,0,32.108884157077505,34.805185885941974,177,5
1510,0,32.10891051092134,34.80516625474585,178,5
1511,0,32.10880650468948,34.805078366886725,179,5
1512,0,32.108761714461416,34.80507876659039,180,5
1513,0,32.108783211230076,34.80507443274601,181,5
1514,0,32.108830800517715,34.80516720226355,182,5
1515,0,32.10890272578805,34.805175515793536,183,5
1516,0,32.10889790893723,34.80516088290186,184,5
1517,0,32.10891238557879,34.80517989443807,185,5
1518,0,32.1089419679653,34.80519915751852,186,5
1519,0,32.10891641575889,34.80522685326504,187,5
1520,0,32.10893839115445,34.80520477353581,188,5
1521,0,32.108911185575494,34.805193876240935,189,5
1522,0,32.10890151006523,34.80516651423562,190,5
1523,0,32.108904792092126,34.80516595358959,191,5
1524,0,32.10887127567671,34.80518266169786,192,5
1525,0,32.10890595351696,34.80516962735764,193,5
1526,0,32.10887283809827,34.805161307376245,194,5
1527,0,32.108925277575835,34.80517833482571,195,5
1528,0,32.1089229023051,34.80517438524985,196,5
1529,0,32.10892186349844,34.805181187914975,197,5
1530,0,32.10891954943889,34.805184790166905,198,5
1531,0,32.10890140494899,34.805166776172406,199,5
1532,0,32.10892515892071,34.805183737565486,200,5
1533,0,32.108928045790506,34.80518912027991,201,5
1534,0,32.10890513199244,34.805155767984886,202,5
1535,0,32.10892137761124,34.80517471137194,203,5
1536,0,32.10881403346182,34.80509374499734,204,5
1537,0,32.10889965886603,34.805211622640876,205,5
1538,0,32.10893426547732,34.8051893076383,206,5
1539,0,32.108818685197484,34.80511213946087,207,5
1540,0,32.10884630069895,34.80514010955858,208,5
1541,0,32.10882185257165,34.805136643002214,209,5
1542,0,32.10885030080379,34.805157657153565,210,5
1543,0,32.108821170369836,34.80514617671636,211,5
1544,0,32.108841341549585,34.80514578712269,212,5
1545,0,32.10883458816094,34.80514707133152,213,5
1546,0,32.10880904282956,34.80515079770842,214,5
1547,0,32.10881198980954,34.80515718046767,215,5
1548,0,32.10881447180542,34.80514532544316,216,5
1549,0,32.108796323384304,34.80517524014299,217,5
1550,0,32.10881463373265,34.80513621275134,218,5
1551,0,32.10881480440823,34.80515874999954,219,5
1552,0,32.10879918704519,34.80514375562196,220,5
1553,0,32.10880258431987,34.80516372792291,221,5
1554,0,32.10881872321096,34.805156285626715,222,5
1555,0,32.10884363772426,34.80513926830732,223,5
1556,0,32.108864187432864,34.805181586085,224,5
1557,0,32.108878680575295,34.80521571518543,225,5
1558,0,32.10889084676122,34.805218711039295,226,5
1559,0,32.10885312146306,34.80521465688459,227,5
1560,0,32.108876614938445,34.80521944778793,228,5
1561,0,32.10887900387353,34.805239457431874,229,5
1562,0,32.10888315098133,34.80523437331031,230,5
1563,0,32.10888194082347,34.80519557259659,231,5
1564,0,32.10888078260185,34.80522931493303,232,5
1565,0,32.1088774939125,34.80523060117088,233,5
1566,0,32.10887192229933,34.80521896192409,234,5
1567,0,32.10886683929264,34.80523356493783,235,5
1568,0,32.10885916372953,34.805233639475034,236,5
1569,0,32.10888188169365,34.80524470274404,237,5
1570,0,32.10886573084998,34.805236494042234,238,5
1571,0,32.10886906760156,34.80523415089729,239,5
1572,0,32.10883235373355,34.80521044676156,240,5
1573,0,32.108845389372604,34.8052484665199,241,5
1574,0,32.108820224199924,34.80521327259878,242,5
1575,0,32.10882990403857,34.80521841063739,243,5
1576,0,32.10882210055705,34.80521105315597,244,5
1577,0,32.10881108135024,34.80522268256452,245,5
1578,0,32.108824535644395,34.80520696898895,246,5
1579,0,32.10881870623686,34.80519390497864,247,5
1580,0,32.10883161279009,34.80519221738982,248,5
1581,0,32.108818417992204,34.80519320116456,249,5
1582,0,32.10882070450839,34.80520289436166,250,5
1583,0,32.10881786362679,34.80520476394916,251,5
1584,0,32.108819855231424,34.80519709009571,252,5
1585,0,32.10883030495541,34.8051758101402,253,5
1586,0,32.10881839270093,34.80519011061727,254,5
1587,0,32.10881860184143,34.805196340831465,255,5
1588,0,32.10881312507496,34.80517529989428,256,5
1589,0,32.10882569106408,34.80520398709745,257,5
1590,0,32.10882857169668,34.80519132774739,258,5
1591,0,32.108826626188616,34.80516886941817,259,5
1592,0,32.108799959041164,34.805179691635104,260,5
1593,0,32.108829370724614,34.80519427827416,261,5
1594,0,32.108830568205555,34.80518436191012,262,5
1595,0,32.108792132913955,34.80515298852334,263,5
1596,0,32.10883207575769,34.80517596084485,264,5
1597,0,32.108805012076566,34.805166272005835,265,5
1598,0,32.108781485163234,34.80515860523028,266,5
1599,0,32.10882041542106,34.80517554390405,267,5
1600,0,32.108821288262156,34.80517088792796,268,5
1601,0,32.108821231768076,34.80517186777765,269,5
1602,0,32.108819738736024,34.805160386958256,270,5
1603,0,32.10882781591168,34.80514927800074,271,5
1604,0,32.10878710342497,34.80512607951181,272,5
1605,0,32.108825087359065,34.80515847847338,273,5
1606,0,32.10880389949502,34.80513029382042,274,5
1607,0,32.108899494249336,34.80524279907568,275,5
1608,0,32.1087900951272,34.805144952301916,276,5
1609,0,32.10877471499036,34.80512806976667,277,5
1610,0,32.10880230526668,34.80512372996201,278,5
1611,0,32.10882175736786,34.805112928198135,279,5
1612,0,32.10890702585387,34.8052031112093,280,5
1613,0,32.10887958320014,34.805196103586646,281,5
1614,0,32.1088970520298,34.805188202830344,282,5
1615,0,32.10889811436963,34.80520929038164,283,5
1616,0,32.10889877639753,34.80521673139286,284,5
1617,0,32.10886704847681,34.80519984877805,285,5
1618,0,32.10889287600129,34.80521620277053,286,5
1619,0,32.10890716336974,34.80518062831666,287,5
1620,0,32.108905931788165,34.805178273935354,288,5
1621,0,32.10887975528115,34.805193914878444,289,5
1622,0,32.108907437767364,34.80519540191217,290,5
1623,0,32.10892534498126,34.805182161092034,291,5
1624,0,32.108928003451396,34.805182641659044,292,5
1625,0,32.108902546455724,34.80519404749572,293,5
1626,0,32.10888895376452,34.80520737070623,294,5
1627,0,32.10890603510304,34.80517787528951,295,5
1628,0,32.10892699655347,34.80519514908757,296,5
1629,0,32.10890801084793,34.80520131429867,297,5
1630,0,32.10893574020961,34.80517802479093,298,5
1631,0,32.10891820350639,34.80517005774417,299,5
1632,0,32.10894886642486,34.80518328162165,300,5
1633,0,32.108921944975165,34.80516868137886,301,5
1634,0,32.108943350719436,34.80517802611887,302,5
1635,0,32.10892263591489,34.80516092429541,303,5
1636,0,32.108912100056365,34.80513197245898,304,5
1637,0,32.108923301990394,34.80517119175295,305,5
1638,0,32.108925547261485,34.80518015339179,306,5
1639,0,32.1089315085016,34.80518276439164,307,5
1640,0,32.10892312960424,34.805180226884545,308,5
1641,0,32.108902538974576,34.80517231440088,309,5
1642,0,32.10891459162765,34.80518010424696,310,5
1643,0,32.108923014346395,34.80516968393694,311,5
1644,0,32.10890285993303,34.805166570757656,312,5
1645,0,32.10891438557968,34.80516659499803,313,5
1646,0,32.1089175456246,34.80519573158535,314,5
1647,0,32.108933849035836,34.80520096741233,315,5
1648,0,32.108923006041636,34.80520295214361,316,5
1649,0,32.10892168988916,34.80518273808997,317,5
1650,0,32.10892490049126,34.80517573075236,318,5
1651,0,32.10887517612799,34.805151310740506,319,5
1652,0,32.108866891260654,34.80516682837899,320,5
1653,0,32.108874538712975,34.80517551465764,321,5
1654,0,32.108878338126,34.805160878927786,322,5
1655,0,32.108935296639345,34.80519020076181,323,5
1656,0,32.10887801949291,34.805177599999695,324,5
1657,0,32.108884219238355,34.80516291087361,325,5
1658,0,32.10885384516547,34.80518908180478,326,5
1659,0,32.108867326094646,34.805179806508534,327,5
1660,0,32.10887929424566,34.80517663768866,328,5
1661,0,32.10888656306801,34.805209956885,329,5
1662,0,32.10878439888854,34.80512743826956,330,5
1663,0,32.10887833489712,34.80522757729917,331,5
1664,0,32.10887065426743,34.805208259459874,332,5
1665,0,32.10878229547572,34.80515313020891,333,5
1666,0,32.10888370979826,34.80518795892066,334,5
1667,0,32.10887102102035,34.80519218562237,335,5
1668,0,32.10881868081633,34.805151125908914,336,5
1669,0,32.10888037664425,34.80521226566564,337,5
1670,0,32.10885433705391,34.805192214877096,338,5
1671,0,32.10886910255775,34.80520144349737,339,5
1672,0,32.10887882916342,34.8051928886385,340,5
1673,0,32.10886692540063,34.80520076147438,341,5
1674,0,32.10886765613699,34.80519648184903,342,5
1675,0,32.108859911896566,34.80522705853465,343,5
1676,0,32.10882322291974,34.80522619045546,344,5
1677,0,32.10885416715963,34.80523611499498,345,5
1678,0,32.10881395844173,34.80517932519173,346,5
1679,0,32.10881801029503,34.805183779849784,347,5
1680,0,32.10883014903402,34.80519171964493,348,5
1681,0,32.10880506296379,34.80518389037427,349,5
1682,0,32.10882611395041,34.80517604516073,350,5
1683,0,32.10881960117908,34.805196940472555,351,5
1684,0,32.10880231233339,34.805194899251816,352,5
1685,0,32.10881550809589,34.805178721950554,353,5
1686,0,32.10882053258375,34.80518003666243,354,5
1687,0,32.10883521396229,34.805225380481865,355,5
1688,0,32.10881100371066,34.80521693319648,356,5
1689,0,32.1088340702278,34.805187345922604,357,5
1690,0,32.108829152747774,34.805208950167426,358,5
1691,0,32.108847945144426,34.80517969620644,359,5
1692,0,32.108797472582744,34.805203753973075,360,5
1693,0,32.108807788422446,34.805231738925045,361,5
1694,0,32.10883484772418,34.80517351178976,362,5
1695,0,32.108892081130676,34.8051026523113,363,5
1696,0,32.10879921654892,34.80520177873617,364,5
1697,0,32.10880881822463,34.80521041429182,365,5
1698,0,32.108808691725045,34.805193990009066,366,5
1699,0,32.10880597479395,34.805203977051114,367,5
1700,0,32.10882511383419,34.805217148699434,368,5
1701,0,32.10888767180987,34.805172160618866,369,5
1702,0,32.10882793613653,34.805164450104726,370,5
1703,0,32.10882127317196,34.80521932774392,371,5
1704,0,32.10883182485545,34.80524737757927,372,5
1705,0,32.10882645647238,34.80524013618246,373,5
1706,0,32.108834960873914,34.80522361684205,374,5
1707,0,32.10885718305332,34.80520051815273,375,5
1708,0,32.10892443995258,34.80511153704468,376,5
1709,0,32.108876119169224,34.80507336961481,377,5
1710,0,32.10886291119305,34.80518921535523,378,5
1711,0,32.10881728284124,34.805229435930876,379,5
1712,0,32.108843502421905,34.80519702504446,380,5
1713,0,32.10885640124127,34.80512339482772,381,5
1714,0,32.108796696710954,34.80520668973389,382,5
1715,0,32.10880753626948,34.805221162451616,383,5
1716,0,32.10881185953608,34.805194255026734,384,5
1717,0,32.108804316551705,34.80520101745313,385,5
1718,0,32.108794541609996,34.80520544948823,386,5
1719,0,32.10881875907635,34.80520418071319,387,5
1720,0,32.1088033697242,34.80519269685559,388,5
1721,0,32.10881201795847,34.80518865100005,389,5
1722,0,32.10881231452595,34.80519789563252,390,5
1723,0,32.108820927284434,34.80518874664795,391,5
1724,0,32.10882574897944,34.80518821344761,392,5
1725,0,32.10882331525769,34.80519559723844,393,5
1726,0,32.10881559023896,34.80519444665555,394,5
1727,0,32.10879801346447,34.80519987002154,395,5
1728,0,32.10881134215442,34.805190729031715,396,5
1729,0,32.10882437918632,34.80517921728388,397,5
1730,0,32.10882550565588,34.80518026453514,398,5
1731,0,32.1088179642764,34.805182935575274,399,5
1732,0,32.10881444399834,34.80518260485776,400,5
1733,0,32.10882109831866,34.80518468114126,401,5
1734,0,32.108816389837926,34.80517998845929,402,5
1735,0,32.10881283340095,34.80518529243789,403,5
1736,0,32.10880564595275,34.8051663677594,404,5
1737,0,32.10886483188966,34.80520039933813,405,5
1738,0,32.10881775317076,34.805157723342525,406,5
1739,0,32.10882723105872,34.805167402059524,407,5
1740,0,32.10882376231918,34.80517563803003,408,5
1741,0,32.10883935150932,34.805160487639114,409,5
1742,0,32.108869064807934,34.805186204072065,410,5
1743,0,32.10886762910478,34.805196160613455,411,5
1744,0,32.108870722813386,34.80518126145274,412,5
1745,0,32.10886803544494,34.80518334840099,413,5
1746,0,32.10887038079318,34.80517934609046,414,5
1747,0,32.10881271723231,34.80517426871904,415,5
1748,0,32.10885786365735,34.805196751492744,416,5
1749,0,32.1088820823898,34.80521444026303,417,5
1750,0,32.1088808084374,34.805216018413184,418,5
1751,0,32.10881851324771,34.805171498015994,419,5
1752,0,32.10880603272037,34.80515495773149,420,5
1753,0,32.10881002369214,34.80516139921935,421,5
1754,0,32.10878859704414,34.80516821944232,422,5
1755,0,32.10879675343783,34.80515513341106,423,5
1756,0,32.10886242069066,34.80518440079905,424,5
1757,0,32.10882307439921,34.805173032949966,425,5
1758,0,32.108829492395195,34.8051846721923,426,5
1759,0,32.108782658948556,34.80515236322961,427,5
1760,0,32.10882563492422,34.80517581985878,428,5
1761,0,32.1087856392583,34.80515754102743,429,5
1762,0,32.10878275995316,34.805157507463925,430,5
1763,0,32.1087885314209,34.80517595685593,431,5
1764,0,32.108780766150886,34.80517174291933,432,5
1765,0,32.10877226107137,34.80519565997708,433,5
1766,0,32.10876995632997,34.80517794784576,434,5
1767,0,32.10878788466675,34.805170636663256,435,5
1768,0,32.10877747275275,34.805173747041614,436,5
1769,0,32.10879711848334,34.805164226027806,437,5
1770,0,32.10878289267651,34.80515314039201,438,5
1771,0,32.10880532203516,34.805171632346514,439,5
1772,0,32.10885940718456,34.80521671150808,440,5
1773,0,32.108793805685565,34.80517584663635,441,5
1774,0,32.10879782843554,34.80517053898535,442,5
1775,0,32.10881292596867,34.8051903786069,443,5
1776,0,32.108802933042426,34.80518214809358,444,5
1777,0,32.108797270091024,34.80517982631195,445,5
1778,0,32.10880579458686,34.80518683723977,446,5
1779,0,32.10880676741298,34.8051960096554,447,5
1780,0,32.10881183112628,34.80518995036962,448,5
1781,0,32.108794249685566,34.80521585473792,449,5
1782,0,32.108800356290566,34.80519974080157,450,5
1783,0,32.10880958922533,34.80519113178477,451,5
1784,0,32.10881133164739,34.80519396460217,452,5
1785,0,32.10881161238289,34.805206056369414,453,5
1786,0,32.108818650703164,34.80520426246837,454,5
1787,0,32.10880868209234,34.805203025546,455,5
1788,0,32.1088162062778,34.80520492419051,456,5
1789,0,32.108819435932276,34.805216085110715,457,5
1790,0,32.10880405226642,34.805212203414904,458,5
1791,0,32.10880950138861,34.805207964824326,459,5
1792,0,32.10881880711769,34.805230004145265,460,5
1793,0,32.10883850001961,34.80525196186498,461,5
1794,0,32.108811004528405,34.805218575455555,462,5
1795,0,32.10881646346234,34.805221220037055,463,5
1796,0,32.10880923827439,34.80523401201544,464,5
1797,0,32.10881342304569,34.80523750082632,465,5
1798,0,32.108813410912354,34.80522976758454,466,5
1799,0,32.108813502225416,34.80523066330163,467,5
1800,0,32.108809860888634,34.80522927241056,468,5
1801,0,32.10881322781619,34.805231404874895,469,5
1802,0,32.10881232718542,34.80523045996285,470,5
1803,0,32.1088171815088,34.805234173939176,471,5
1804,0,32.10881091892243,34.80523446638537,472,5
1805,0,32.108808113388974,34.80523426804816,473,5
1806,0,32.1087945872198,34.805235076060896,474,5
1807,0,32.10879894154129,34.80524396167563,475,5
1808,0,32.10879328689538,34.80522570886498,476,5
1809,0,32.10880578398925,34.80523138849349,477,5
1810,0,32.108817647420246,34.80523868818837,478,5
1811,0,32.108793806590704,34.8052406161243,479,5
1812,0,32.108805609666724,34.80523172425117,480,5
1813,0,32.10881543207039,34.80523837902772,481,5
1814,0,32.10880554593806,34.80523412567241,482,5
1815,0,32.10880003401209,34.805234551430914,483,5
1816,0,32.108794110988626,34.805237225638436,484,5
1817,0,32.108813495775486,34.80523381045893,485,5
1818,0,32.108775780424295,34.80522492228539,486,5
1819,0,32.108788691606996,34.80521296223598,487,5
1820,0,32.108797298662466,34.80521594787803,488,5
1821,0,32.10880863514688,34.80522677555191,489,5
1822,0,32.10880297431629,34.805226338551506,490,5
1823,0,32.108810029306966,34.80522628280741,491,5
1824,0,32.1088089724797,34.805215957746825,0,6
1825,0,32.10879765315792,34.80519439459319,1,6
1826,0,32.108808727467526,34.80521938486825,2,6
1827,0,32.1088231864274,34.805213019499554,3,6
1828,0,32.10881526832638,34.80522324942566,4,6
1829,0,32.10882003629312,34.805214488288236,5,6
1830,0,32.108812094092286,34.805224017787765,6,6
1831,0,32.10881403552889,34.80521601593018,7,6
1832,0,32.10881535899882,34.80522019434973,8,6
1833,0,32.10881706682011,34.805231423004585,9,6
1834,0,32.10881523735449,34.805225630681704,10,6
1835,0,32.10879847278,34.80519627850532,11,6
1836,0,32.10880403836849,34.80520482068252,12,6
1837,0,32.10880672053381,34.805204289542054,13,6
1838,0,32.10880218295889,34.80519479914346,14,6
1839,0,32.10881257441025,34.80520153380076,15,6
1840,0,32.10880742690566,34.805198904703296,16,6
1841,0,32.108809470817135,34.80519627392579,17,6
1842,0,32.10881154019615,34.805200913564846,18,6
1843,0,32.10881161036998,34.805206649556524,19,6
1844,0,32.108812076772054,34.805191727144845,20,6
1845,0,32.10881226622769,34.80519775051982,21,6
1846,0,32.10881581214861,34.80519769243084,22,6
1847,0,32.10879923388072,34.805187066717565,23,6
1848,0,32.10881752097252,34.80519237913944,24,6
1849,0,32.1087824219791,34.8051711918672,25,6
1850,0,32.10885323494548,34.80521716307853,26,6
1851,0,32.10880088646515,34.805184342563884,27,6
1852,0,32.10881089213104,34.80517378577607,28,6
1853,0,32.108798412088625,34.80517559765892,29,6
1854,0,32.10880238851889,34.80516645730442,30,6
1855,0,32.108851051315305,34.805206418737086,31,6
1856,0,32.10885983946065,34.80522321631417,32,6
1857,0,32.10885920303441,34.80521083557336,33,6
1858,0,32.10882734529275,34.805186722556016,34,6
1859,0,32.108859673838886,34.805218331410074,35,6
1860,0,32.10884791698282,34.80518726373626,36,6
1861,0,32.108791473124974,34.8051578506408,37,6
1862,0,32.10887276634003,34.80521343471715,38,6
1863,0,32.1088271624004,34.80517240453014,39,6
1864,0,32.1088254956068,34.80517457199497,40,6
1865,0,32.10880758155762,34.80516313711431,41,6
1866,0,32.1088191324111,34.80518523980338,42,6
1867,0,32.1088150042585,34.80517892695162,43,6
1868,0,32.108799059300395,34.80517218256174,44,6
1869,0,32.108788545892764,34.80516986625845,45,6
1870,0,32.10881416151384,34.8051797588694,46,6
1871,0,32.108797539590604,34.80517620887838,47,6
1872,0,32.10880073116485,34.80517517758896,48,6
1873,0,32.10880559190705,34.80519702982311,49,6
1874,0,32.10879631448617,34.80518482690123,50,6
1875,0,32.10882400455602,34.80520480692967,51,6
1876,0,32.108812029244525,34.80519647115181,52,6
1877,0,32.108812249180744,34.805186915431904,53,6
1878,0,32.10880121298977,34.80519684209531,54,6
1879,0,32.108808561602466,34.80519182703857,55,6
1880,0,32.1088079829062,34.805202401375404,56,6
1881,0,32.10879888567517,34.805195583725684,57,6
1882,0,32.10888132172799,34.805133597721536,58,6
1883,0,32.108814463288454,34.80518874012997,59,6
1884,0,32.108860430951566,34.805168369300794,60,6
1885,0,32.10881892983577,34.80521119077474,61,6
1886,0,32.10881211857941,34.80519836164093,62,6
1887,0,32.108806118751346,34.8052190194418,63,6
1888,0,32.10879531702826,34.805212202090146,64,6
1889,0,32.10880737775438,34.80522915441206,65,6
1890,0,32.10879088477416,34.80521455058527,66,6
1891,0,32.108849634554055,34.80521141861525,67,6
1892,0,32.10883595333976,34.80520020527209,68,6
