mac,time,a,b,c,d,e,range,,f,status,g
e4:b3:18:9f:bf:af,1496405351927758,76,0,0,0,0,675,0,0,SUCCESS,8.66948E+11
e4:b3:18:9f:c0:36,1496405351940535,78,0,0,0,0,633,0,0,SUCCESS,8.66948E+11
e4:b3:18:9f:bf:96,1496405351953569,60,0,0,0,0,463,0,0,SUCCESS,8.66948E+11
e4:b3:18:9f:c1:8f,1496405351965880,74,0,0,0,0,2959,0,0,SUCCESS,8.66948E+11
e4:b3:18:9f:c0:04,1496405351978334,73,0,0,0,0,1470,0,0,SUCCESS,8.66948E+11
e4:b3:18:9f:c0:18,1496405352029132,67,0,0,0,0,1639,0,0,SUCCESS,8.66949E+11
e4:b3:18:9f:bf:87,1496405352042163,74,0,0,0,0,633,0,0,SUCCESS,8.66949E+11
e4:b3:18:9f:c0:b3,1496405352219046,0,0,0,0,0,0,0,0,FAILURE,8.66949E+11
44:85:00:c5:69:d5,1496405352182580,79,0,0,0,0,1694,0,0,SUCCESS,8.66949E+11
44:85:00:c5:67:3c,1496405352207185,79,0,0,0,0,1456,0,0,SUCCESS,8.66949E+11
e4:b3:18:9f:bf:b4,1496405352895149,0,0,0,0,0,0,0,0,FAILURE,8.66949E+11
44:85:00:c5:6c:19,1496405352895147,0,0,0,0,0,0,0,0,FAILURE,8.66949E+11
44:85:00:c5:69:a8,1496405352895142,0,0,0,0,0,0,0,0,FAILURE,8.66949E+11
44:85:00:c5:67:37,1496405352895134,0,0,0,0,0,0,0,0,FAILURE,8.66949E+11
e4:b3:18:9f:c1:4e,1496405352895132,0,0,0,0,0,0,0,0,FAILURE,8.66949E+11
e4:b3:18:9f:c1:99,1496405353058112,0,0,0,0,0,0,0,0,FAILURE,8.6695E+11
e4:b3:18:9f:bf:af,1496405353340440,76,0,0,0,0,723,0,0,SUCCESS,8.6695E+11
e4:b3:18:9f:c0:36,1496405353353164,73,0,0,0,0,727,0,0,SUCCESS,8.6695E+11
e4:b3:18:9f:bf:96,1496405353365305,56,0,0,0,0,407,0,0,SUCCESS,8.6695E+11
e4:b3:18:9f:c1:8f,1496405353386213,72,0,0,0,0,2985,0,0,SUCCESS,8.6695E+11
e4:b3:18:9f:c0:04,1496405353398839,73,0,0,0,0,1631,0,0,SUCCESS,8.6695E+11
e4:b3:18:9f:c0:18,1496405353448985,63,0,0,0,0,1637,0,0,SUCCESS,8.6695E+11
e4:b3:18:9f:bf:87,1496405353461439,77,0,0,0,0,588,0,0,SUCCESS,8.6695E+11
e4:b3:18:9f:c0:b3,1496405353640009,0,0,0,0,0,0,0,0,FAILURE,8.6695E+11
44:85:00:c5:69:d5,1496405353602044,74,0,0,0,0,1710,0,0,SUCCESS,8.6695E+11
44:85:00:c5:67:3c,1496405353627594,81,0,0,0,0,1421,0,0,SUCCESS,8.6695E+11
e4:b3:18:9f:bf:b4,1496405353680306,85,0,0,0,0,761,0,0,SUCCESS,8.6695E+11
44:85:00:c5:6c:19,1496405354204002,0,0,0,0,0,0,0,0,FAILURE,8.66951E+11
44:85:00:c5:69:a8,1496405354204042,0,0,0,0,0,0,0,0,FAILURE,8.66951E+11
44:85:00:c5:67:37,1496405354203992,0,0,0,0,0,0,0,0,FAILURE,8.66951E+11
e4:b3:18:9f:c1:4e,1496405354203991,0,0,0,0,0,0,0,0,FAILURE,8.66951E+11
e4:b3:18:9f:c1:99,1496405354371007,0,0,0,0,0,0,0,0,FAILURE,8.66951E+11
e4:b3:18:9f:bf:af,1496405354655089,77,0,0,0,0,951,0,0,SUCCESS,8.66951E+11
e4:b3:18:9f:c0:36,1496405354667628,78,0,0,0,0,642,0,0,SUCCESS,8.66951E+11
e4:b3:18:9f:bf:96,1496405354680292,58,0,0,0,0,499,0,0,SUCCESS,8.66951E+11
e4:b3:18:9f:c1:8f,1496405354692898,70,0,0,0,0,2876,0,0,SUCCESS,8.66951E+11
e4:b3:18:9f:c0:04,1496405354705931,71,0,0,0,0,1494,0,0,SUCCESS,8.66951E+11
e4:b3:18:9f:c0:18,1496405354759753,65,0,0,0,0,1609,0,0,SUCCESS,8.66951E+11
e4:b3:18:9f:bf:87,1496405354772186,75,0,0,0,0,745,0,0,SUCCESS,8.66951E+11
e4:b3:18:9f:c0:b3,1496405354937310,0,0,0,0,0,0,0,0,FAILURE,8.66951E+11
44:85:00:c5:69:d5,1496405354913024,73,0,0,0,0,1700,0,0,SUCCESS,8.66951E+11
44:85:00:c5:67:3c,1496405354925932,79,0,0,0,0,1504,0,0,SUCCESS,8.66951E+11
e4:b3:18:9f:bf:b4,1496405355516753,0,0,0,0,0,0,0,0,FAILURE,8.66952E+11
44:85:00:c5:6c:19,1496405355516750,0,0,0,0,0,0,0,0,FAILURE,8.66952E+11
44:85:00:c5:69:a8,1496405355516747,0,0,0,0,0,0,0,0,FAILURE,8.66952E+11
44:85:00:c5:67:37,1496405355516741,0,0,0,0,0,0,0,0,FAILURE,8.66952E+11
e4:b3:18:9f:c1:4e,1496405355516737,0,0,0,0,0,0,0,0,FAILURE,8.66952E+11
e4:b3:18:9f:c1:99,1496405355685264,0,0,0,0,0,0,0,0,FAILURE,8.66952E+11
e4:b3:18:9f:bf:af,1496405355964533,80,0,0,0,0,941,0,0,SUCCESS,8.66952E+11
e4:b3:18:9f:c0:36,1496405355977412,77,0,0,0,0,654,0,0,SUCCESS,8.66952E+11
e4:b3:18:9f:bf:96,1496405355989504,57,0,0,0,0,408,0,0,SUCCESS,8.66952E+11
e4:b3:18:9f:c1:8f,1496405356002044,75,0,0,0,0,3104,0,0,SUCCESS,8.66953E+11
e4:b3:18:9f:c0:04,1496405356013514,78,0,0,0,0,1452,0,0,SUCCESS,8.66953E+11
e4:b3:18:9f:c0:18,1496405356065346,61,0,0,0,0,1584,0,0,SUCCESS,8.66953E+11
e4:b3:18:9f:bf:87,1496405356078018,76,0,0,0,0,580,0,0,SUCCESS,8.66953E+11
e4:b3:18:9f:c0:b3,1496405356253226,0,0,0,0,0,0,0,0,FAILURE,8.66953E+11
44:85:00:c5:69:d5,1496405356218204,78,0,0,0,0,1742,0,0,SUCCESS,8.66953E+11
44:85:00:c5:67:3c,1496405356230507,79,0,0,0,0,1578,0,0,SUCCESS,8.66953E+11
e4:b3:18:9f:bf:b4,1496405356726942,0,0,0,0,0,0,0,0,FAILURE,8.66953E+11
44:85:00:c5:6c:19,1496405356328293,83,0,0,0,0,1605,0,0,SUCCESS,8.66953E+11
44:85:00:c5:69:a8,1496405356726936,0,0,0,0,0,0,0,0,FAILURE,8.66953E+11
44:85:00:c5:67:37,1496405356726927,0,0,0,0,0,0,0,0,FAILURE,8.66953E+11
e4:b3:18:9f:c1:4e,1496405356726934,0,0,0,0,0,0,0,0,FAILURE,8.66953E+11
e4:b3:18:9f:c1:99,1496405356893018,0,0,0,0,0,0,0,0,FAILURE,8.66953E+11
e4:b3:18:9f:bf:af,1496405357172980,76,0,0,0,0,1014,0,0,SUCCESS,8.66954E+11
e4:b3:18:9f:c0:36,1496405357186004,75,0,0,0,0,815,0,0,SUCCESS,8.66954E+11
e4:b3:18:9f:bf:96,1496405357201111,59,0,0,0,0,430,0,0,SUCCESS,8.66954E+11
e4:b3:18:9f:c1:8f,1496405357213818,72,0,0,0,0,2970,0,0,SUCCESS,8.66954E+11
e4:b3:18:9f:c0:04,1496405357226514,70,0,0,0,0,1505,0,0,SUCCESS,8.66954E+11
e4:b3:18:9f:c0:18,1496405357275468,64,0,0,0,0,1630,0,0,SUCCESS,8.66954E+11
e4:b3:18:9f:bf:87,1496405357298275,77,0,0,0,0,827,0,0,SUCCESS,8.66954E+11
e4:b3:18:9f:c0:b3,1496405357310510,86,0,0,0,0,2871,0,0,SUCCESS,8.66954E+11
44:85:00:c5:69:d5,1496405357323389,78,0,0,0,0,1643,0,0,SUCCESS,8.66954E+11
44:85:00:c5:67:3c,1496405357335072,82,0,0,0,0,1536,0,0,SUCCESS,8.66954E+11
e4:b3:18:9f:bf:b4,1496405357826927,0,0,0,0,0,0,0,0,FAILURE,8.66954E+11
44:85:00:c5:6c:19,1496405357826918,0,0,0,0,0,0,0,0,FAILURE,8.66954E+11
44:85:00:c5:69:a8,1496405357826921,0,0,0,0,0,0,0,0,FAILURE,8.66954E+11
44:85:00:c5:67:37,1496405357826912,0,0,0,0,0,0,0,0,FAILURE,8.66954E+11
e4:b3:18:9f:c1:4e,1496405357826909,0,0,0,0,0,0,0,0,FAILURE,8.66954E+11
e4:b3:18:9f:c1:99,1496405357865084,85,0,0,0,0,1888,0,0,SUCCESS,8.66954E+11
e4:b3:18:9f:bf:af,1496405358158701,75,0,0,0,0,954,0,0,SUCCESS,8.66955E+11
e4:b3:18:9f:c0:36,1496405358171495,79,0,0,0,0,854,0,0,SUCCESS,8.66955E+11
e4:b3:18:9f:bf:96,1496405358183660,61,0,0,0,0,297,0,0,SUCCESS,8.66955E+11
e4:b3:18:9f:c1:8f,1496405358195868,77,0,0,0,0,3005,0,0,SUCCESS,8.66955E+11
e4:b3:18:9f:c0:04,1496405358209170,73,0,0,0,0,1405,0,0,SUCCESS,8.66955E+11
e4:b3:18:9f:c0:18,1496405358262097,65,0,0,0,0,1550,0,0,SUCCESS,8.66955E+11
e4:b3:18:9f:bf:87,1496405358274930,71,0,0,0,0,680,0,0,SUCCESS,8.66955E+11
e4:b3:18:9f:c0:b3,1496405358439293,0,0,0,0,0,0,0,0,FAILURE,8.66955E+11
44:85:00:c5:69:d5,1496405358415111,76,0,0,0,0,1630,0,0,SUCCESS,8.66955E+11
44:85:00:c5:67:3c,1496405358427667,81,0,0,0,0,1506,0,0,SUCCESS,8.66955E+11
e4:b3:18:9f:bf:b4,1496405359120106,0,0,0,0,0,0,0,0,FAILURE,8.66956E+11
44:85:00:c5:6c:19,1496405359120087,0,0,0,0,0,0,0,0,FAILURE,8.66956E+11
44:85:00:c5:69:a8,1496405359120085,0,0,0,0,0,0,0,0,FAILURE,8.66956E+11
44:85:00:c5:67:37,1496405359120082,0,0,0,0,0,0,0,0,FAILURE,8.66956E+11
e4:b3:18:9f:c1:4e,1496405359120139,0,0,0,0,0,0,0,0,FAILURE,8.66956E+11
e4:b3:18:9f:c1:99,1496405359285663,0,0,0,0,0,0,0,0,FAILURE,8.66956E+11
e4:b3:18:9f:bf:af,1496405359567231,74,0,0,0,0,759,0,0,SUCCESS,8.66956E+11
e4:b3:18:9f:c0:36,1496405359579424,79,0,0,0,0,840,0,0,SUCCESS,8.66956E+11
e4:b3:18:9f:bf:96,1496405360504643,0,0,0,0,0,0,0,0,FAILURE,8.66957E+11
e4:b3:18:9f:c1:8f,1496405359603677,74,0,0,0,0,2859,0,0,SUCCESS,8.66956E+11
e4:b3:18:9f:c0:04,1496405359616565,72,0,0,0,0,1407,0,0,SUCCESS,8.66956E+11
e4:b3:18:9f:c0:18,1496405360546344,62,0,0,0,0,1616,0,0,SUCCESS,8.66957E+11
e4:b3:18:9f:bf:87,1496405360569395,71,0,0,0,0,625,0,0,SUCCESS,8.66957E+11
e4:b3:18:9f:c0:b3,1496405360734610,0,0,0,0,0,0,0,0,FAILURE,8.66957E+11
44:85:00:c5:69:d5,1496405360710274,76,0,0,0,0,1636,0,0,SUCCESS,8.66957E+11
44:85:00:c5:67:3c,1496405360722803,81,0,0,0,0,1277,0,0,SUCCESS,8.66957E+11
e4:b3:18:9f:bf:b4,1496405361412783,0,0,0,0,0,0,0,0,FAILURE,8.66958E+11
44:85:00:c5:6c:19,1496405361412779,0,0,0,0,0,0,0,0,FAILURE,8.66958E+11
44:85:00:c5:69:a8,1496405361412769,0,0,0,0,0,0,0,0,FAILURE,8.66958E+11
44:85:00:c5:67:37,1496405361412768,0,0,0,0,0,0,0,0,FAILURE,8.66958E+11
e4:b3:18:9f:c1:4e,1496405361412765,0,0,0,0,0,0,0,0,FAILURE,8.66958E+11
e4:b3:18:9f:c1:99,1496405361579276,0,0,0,0,0,0,0,0,FAILURE,8.66958E+11
e4:b3:18:9f:bf:af,1496405361860883,77,0,0,0,0,661,0,0,SUCCESS,8.66958E+11
e4:b3:18:9f:c0:36,1496405361873341,79,0,0,0,0,836,0,0,SUCCESS,8.66958E+11
e4:b3:18:9f:bf:96,1496405361888139,59,0,0,0,0,414,0,0,SUCCESS,8.66958E+11
e4:b3:18:9f:c1:8f,1496405361900506,72,0,0,0,0,2980,0,0,SUCCESS,8.66958E+11
e4:b3:18:9f:c0:04,1496405361927247,73,0,0,0,0,1414,0,0,SUCCESS,8.66958E+11
e4:b3:18:9f:c0:18,1496405361987373,62,0,0,0,0,1604,0,0,SUCCESS,8.66958E+11
e4:b3:18:9f:bf:87,1496405361999766,70,0,0,0,0,613,0,0,SUCCESS,8.66959E+11
e4:b3:18:9f:c0:b3,1496405362176359,0,0,0,0,0,0,0,0,FAILURE,8.66959E+11
44:85:00:c5:69:d5,1496405362151772,79,0,0,0,0,1652,0,0,SUCCESS,8.66959E+11
44:85:00:c5:67:3c,1496405362164107,84,0,0,0,0,1436,0,0,SUCCESS,8.66959E+11
e4:b3:18:9f:bf:b4,1496405362854282,0,0,0,0,0,0,0,0,FAILURE,8.66959E+11
44:85:00:c5:6c:19,1496405362854362,0,0,0,0,0,0,0,0,FAILURE,8.66959E+11
44:85:00:c5:69:a8,1496405362854274,0,0,0,0,0,0,0,0,FAILURE,8.66959E+11
44:85:00:c5:67:37,1496405362854272,0,0,0,0,0,0,0,0,FAILURE,8.66959E+11
e4:b3:18:9f:c1:4e,1496405362854267,0,0,0,0,0,0,0,0,FAILURE,8.66959E+11
e4:b3:18:9f:c1:99,1496405363022722,0,0,0,0,0,0,0,0,FAILURE,8.6696E+11
e4:b3:18:9f:bf:af,1496405363315192,83,0,0,0,0,901,0,0,SUCCESS,8.6696E+11
e4:b3:18:9f:c0:36,1496405363328152,77,0,0,0,0,640,0,0,SUCCESS,8.6696E+11
e4:b3:18:9f:bf:96,1496405363342592,53,0,0,0,0,237,0,0,SUCCESS,8.6696E+11
e4:b3:18:9f:c1:8f,1496405363355735,66,0,0,0,0,2992,0,0,SUCCESS,8.6696E+11
e4:b3:18:9f:c0:04,1496405363371160,67,0,0,0,0,1410,0,0,SUCCESS,8.6696E+11
e4:b3:18:9f:c0:18,1496405363421294,62,0,0,0,0,1622,0,0,SUCCESS,8.6696E+11
e4:b3:18:9f:bf:87,1496405363433656,73,0,0,0,0,610,0,0,SUCCESS,8.6696E+11
e4:b3:18:9f:c0:b3,1496405363609673,0,0,0,0,0,0,0,0,FAILURE,8.6696E+11
44:85:00:c5:69:d5,1496405363574105,77,0,0,0,0,1741,0,0,SUCCESS,8.6696E+11
44:85:00:c5:67:3c,1496405363587028,83,0,0,0,0,1482,0,0,SUCCESS,8.6696E+11
e4:b3:18:9f:bf:b4,1496405363662766,84,0,0,0,0,2114,0,0,SUCCESS,8.6696E+11
44:85:00:c5:6c:19,1496405364188496,0,0,0,0,0,0,0,0,FAILURE,8.66961E+11
44:85:00:c5:69:a8,1496405364188543,0,0,0,0,0,0,0,0,FAILURE,8.66961E+11
44:85:00:c5:67:37,1496405364188488,0,0,0,0,0,0,0,0,FAILURE,8.66961E+11
e4:b3:18:9f:c1:4e,1496405364188488,0,0,0,0,0,0,0,0,FAILURE,8.66961E+11
e4:b3:18:9f:c1:99,1496405364354901,0,0,0,0,0,0,0,0,FAILURE,8.66961E+11
e4:b3:18:9f:bf:af,1496405364636258,81,0,0,0,0,958,0,0,SUCCESS,8.66961E+11
e4:b3:18:9f:c0:36,1496405364648876,78,0,0,0,0,498,0,0,SUCCESS,8.66961E+11
e4:b3:18:9f:bf:96,1496405364660953,55,0,0,0,0,369,0,0,SUCCESS,8.66961E+11
e4:b3:18:9f:c1:8f,1496405364673206,74,0,0,0,0,2950,0,0,SUCCESS,8.66961E+11
e4:b3:18:9f:c0:04,1496405364685304,64,0,0,0,0,1387,0,0,SUCCESS,8.66961E+11
e4:b3:18:9f:c0:18,1496405364737088,65,0,0,0,0,1650,0,0,SUCCESS,8.66961E+11
e4:b3:18:9f:bf:87,1496405364749691,72,0,0,0,0,696,0,0,SUCCESS,8.66961E+11
e4:b3:18:9f:c0:b3,1496405364914856,0,0,0,0,0,0,0,0,FAILURE,8.66961E+11
44:85:00:c5:69:d5,1496405364890300,70,0,0,0,0,1783,0,0,SUCCESS,8.66961E+11
44:85:00:c5:67:3c,1496405364902912,78,0,0,0,0,1523,0,0,SUCCESS,8.66961E+11
e4:b3:18:9f:bf:b4,1496405364965337,84,0,0,0,0,2442,0,0,SUCCESS,8.66961E+11
44:85:00:c5:6c:19,1496405365489557,0,0,0,0,0,0,0,0,FAILURE,8.66962E+11
44:85:00:c5:69:a8,1496405365489556,0,0,0,0,0,0,0,0,FAILURE,8.66962E+11
44:85:00:c5:67:37,1496405365489598,0,0,0,0,0,0,0,0,FAILURE,8.66962E+11
e4:b3:18:9f:c1:4e,1496405365489565,0,0,0,0,0,0,0,0,FAILURE,8.66962E+11
e4:b3:18:9f:c1:99,1496405365654384,0,0,0,0,0,0,0,0,FAILURE,8.66962E+11
e4:b3:18:9f:bf:af,1496405365949198,80,0,0,0,0,1011,0,0,SUCCESS,8.66962E+11
e4:b3:18:9f:c0:36,1496405365961898,75,0,0,0,0,596,0,0,SUCCESS,8.66962E+11
e4:b3:18:9f:bf:96,1496405365985235,51,0,0,0,0,416,0,0,SUCCESS,8.66962E+11
e4:b3:18:9f:c1:8f,1496405365997856,75,0,0,0,0,2917,0,0,SUCCESS,8.66963E+11
e4:b3:18:9f:c0:04,1496405366010067,65,0,0,0,0,1369,0,0,SUCCESS,8.66963E+11
e4:b3:18:9f:c0:18,1496405366063118,64,0,0,0,0,1596,0,0,SUCCESS,8.66963E+11
e4:b3:18:9f:bf:87,1496405366076093,69,0,0,0,0,766,0,0,SUCCESS,8.66963E+11
e4:b3:18:9f:c0:b3,1496405366242350,0,0,0,0,0,0,0,0,FAILURE,8.66963E+11
44:85:00:c5:69:d5,1496405366216317,79,0,0,0,0,1750,0,0,SUCCESS,8.66963E+11
44:85:00:c5:67:3c,1496405366228679,81,0,0,0,0,1508,0,0,SUCCESS,8.66963E+11
e4:b3:18:9f:bf:b4,1496405366292402,85,0,0,0,0,2233,0,0,SUCCESS,8.66963E+11
44:85:00:c5:6c:19,1496405366818397,0,0,0,0,0,0,0,0,FAILURE,8.66963E+11
44:85:00:c5:69:a8,1496405366818336,0,0,0,0,0,0,0,0,FAILURE,8.66963E+11
44:85:00:c5:67:37,1496405366818326,0,0,0,0,0,0,0,0,FAILURE,8.66963E+11
e4:b3:18:9f:c1:4e,1496405366818321,0,0,0,0,0,0,0,0,FAILURE,8.66963E+11
e4:b3:18:9f:c1:99,1496405366982849,0,0,0,0,0,0,0,0,FAILURE,8.66963E+11
e4:b3:18:9f:bf:af,1496405367276038,80,0,0,0,0,1082,0,0,SUCCESS,8.66964E+11
e4:b3:18:9f:c0:36,1496405367288459,76,0,0,0,0,695,0,0,SUCCESS,8.66964E+11
e4:b3:18:9f:bf:96,1496405367301187,55,0,0,0,0,344,0,0,SUCCESS,8.66964E+11
e4:b3:18:9f:c1:8f,1496405367313521,68,0,0,0,0,2931,0,0,SUCCESS,8.66964E+11
e4:b3:18:9f:c0:04,1496405367326050,67,0,0,0,0,1435,0,0,SUCCESS,8.66964E+11
e4:b3:18:9f:c0:18,1496405368313486,0,0,0,0,0,0,0,0,FAILURE,8.66965E+11
e4:b3:18:9f:bf:87,1496405367386495,73,0,0,0,0,752,0,0,SUCCESS,8.66964E+11
e4:b3:18:9f:c0:b3,1496405368313423,0,0,0,0,0,0,0,0,FAILURE,8.66965E+11
44:85:00:c5:69:d5,1496405367526784,72,0,0,0,0,1761,0,0,SUCCESS,8.66964E+11
44:85:00:c5:67:3c,1496405367540039,78,0,0,0,0,1523,0,0,SUCCESS,8.66964E+11
e4:b3:18:9f:bf:b4,1496405368353840,85,0,0,0,0,1113,0,0,SUCCESS,8.66965E+11
44:85:00:c5:6c:19,1496405368889703,0,0,0,0,0,0,0,0,FAILURE,8.66965E+11
44:85:00:c5:69:a8,1496405368889699,0,0,0,0,0,0,0,0,FAILURE,8.66965E+11
44:85:00:c5:67:37,1496405368889733,0,0,0,0,0,0,0,0,FAILURE,8.66965E+11
e4:b3:18:9f:c1:4e,1496405368889699,0,0,0,0,0,0,0,0,FAILURE,8.66965E+11
e4:b3:18:9f:c1:99,1496405369055475,0,0,0,0,0,0,0,0,FAILURE,8.66966E+11
e4:b3:18:9f:bf:af,1496405369336192,81,0,0,0,0,1034,0,0,SUCCESS,8.66966E+11
e4:b3:18:9f:c0:36,1496405369359388,76,0,0,0,0,789,0,0,SUCCESS,8.66966E+11
e4:b3:18:9f:bf:96,1496405369371499,59,0,0,0,0,472,0,0,SUCCESS,8.66966E+11
e4:b3:18:9f:c1:8f,1496405369383917,68,0,0,0,0,2983,0,0,SUCCESS,8.66966E+11
e4:b3:18:9f:c0:04,1496405369395791,72,0,0,0,0,1339,0,0,SUCCESS,8.66966E+11
e4:b3:18:9f:c0:18,1496405369448411,60,0,0,0,0,1593,0,0,SUCCESS,8.66966E+11
e4:b3:18:9f:bf:87,1496405369461664,68,0,0,0,0,614,0,0,SUCCESS,8.66966E+11
e4:b3:18:9f:c0:b3,1496405369626528,0,0,0,0,0,0,0,0,FAILURE,8.66966E+11
44:85:00:c5:69:d5,1496405369601920,80,0,0,0,0,1847,0,0,SUCCESS,8.66966E+11
44:85:00:c5:67:3c,1496405369614827,80,0,0,0,0,1591,0,0,SUCCESS,8.66966E+11
e4:b3:18:9f:bf:b4,1496405370307057,0,0,0,0,0,0,0,0,FAILURE,8.66967E+11
44:85:00:c5:6c:19,1496405370307050,0,0,0,0,0,0,0,0,FAILURE,8.66967E+11
44:85:00:c5:69:a8,1496405370307051,0,0,0,0,0,0,0,0,FAILURE,8.66967E+11
44:85:00:c5:67:37,1496405370307042,0,0,0,0,0,0,0,0,FAILURE,8.66967E+11
e4:b3:18:9f:c1:4e,1496405370307039,0,0,0,0,0,0,0,0,FAILURE,8.66967E+11
e4:b3:18:9f:c1:99,1496405370470092,0,0,0,0,0,0,0,0,FAILURE,8.66967E+11
e4:b3:18:9f:bf:af,1496405370752945,82,0,0,0,0,756,0,0,SUCCESS,8.66967E+11
e4:b3:18:9f:c0:36,1496405370766126,80,0,0,0,0,887,0,0,SUCCESS,8.66967E+11
e4:b3:18:9f:bf:96,1496405370781037,55,0,0,0,0,413,0,0,SUCCESS,8.66967E+11
e4:b3:18:9f:c1:8f,1496405370793093,69,0,0,0,0,2985,0,0,SUCCESS,8.66967E+11
e4:b3:18:9f:c0:04,1496405370805622,69,0,0,0,0,1194,0,0,SUCCESS,8.66967E+11
e4:b3:18:9f:c0:18,1496405370856055,64,0,0,0,0,1505,0,0,SUCCESS,8.66967E+11
e4:b3:18:9f:bf:87,1496405370868587,73,0,0,0,0,747,0,0,SUCCESS,8.66967E+11
e4:b3:18:9f:c0:b3,1496405371033589,0,0,0,0,0,0,0,0,FAILURE,8.66968E+11
44:85:00:c5:69:d5,1496405371009553,74,0,0,0,0,1796,0,0,SUCCESS,8.66968E+11
44:85:00:c5:67:3c,1496405371022117,84,0,0,0,0,1568,0,0,SUCCESS,8.66968E+11
e4:b3:18:9f:bf:b4,1496405371714070,0,0,0,0,0,0,0,0,FAILURE,8.66968E+11
44:85:00:c5:6c:19,1496405371714064,0,0,0,0,0,0,0,0,FAILURE,8.66968E+11
44:85:00:c5:69:a8,1496405371714060,0,0,0,0,0,0,0,0,FAILURE,8.66968E+11
44:85:00:c5:67:37,1496405371714055,0,0,0,0,0,0,0,0,FAILURE,8.66968E+11
e4:b3:18:9f:c1:4e,1496405371714048,0,0,0,0,0,0,0,0,FAILURE,8.66968E+11
e4:b3:18:9f:c1:99,1496405371879727,0,0,0,0,0,0,0,0,FAILURE,8.66968E+11
e4:b3:18:9f:bf:af,1496405372158637,84,0,0,0,0,991,0,0,SUCCESS,8.66969E+11
e4:b3:18:9f:c0:36,1496405372172879,79,0,0,0,0,722,0,0,SUCCESS,8.66969E+11
e4:b3:18:9f:bf:96,1496405372186119,64,0,0,0,0,457,0,0,SUCCESS,8.66969E+11
e4:b3:18:9f:c1:8f,1496405372198811,70,0,0,0,0,3052,0,0,SUCCESS,8.66969E+11
e4:b3:18:9f:c0:04,1496405372211384,69,0,0,0,0,1167,0,0,SUCCESS,8.66969E+11
e4:b3:18:9f:c0:18,1496405372261520,63,0,0,0,0,1522,0,0,SUCCESS,8.66969E+11
e4:b3:18:9f:bf:87,1496405372274410,73,0,0,0,0,661,0,0,SUCCESS,8.66969E+11
e4:b3:18:9f:c0:b3,1496405372438593,0,0,0,0,0,0,0,0,FAILURE,8.66969E+11
44:85:00:c5:69:d5,1496405372414655,79,0,0,0,0,1907,0,0,SUCCESS,8.66969E+11
44:85:00:c5:67:3c,1496405372427344,83,0,0,0,0,1630,0,0,SUCCESS,8.66969E+11
e4:b3:18:9f:bf:b4,1496405373117455,0,0,0,0,0,0,0,0,FAILURE,8.6697E+11
44:85:00:c5:6c:19,1496405373117384,0,0,0,0,0,0,0,0,FAILURE,8.6697E+11
44:85:00:c5:69:a8,1496405373117380,0,0,0,0,0,0,0,0,FAILURE,8.6697E+11
44:85:00:c5:67:37,1496405373117432,0,0,0,0,0,0,0,0,FAILURE,8.6697E+11
e4:b3:18:9f:c1:4e,1496405373117371,0,0,0,0,0,0,0,0,FAILURE,8.6697E+11
e4:b3:18:9f:c1:99,1496405373284127,0,0,0,0,0,0,0,0,FAILURE,8.6697E+11
e4:b3:18:9f:bf:af,1496405373565863,80,0,0,0,0,1059,0,0,SUCCESS,8.6697E+11
e4:b3:18:9f:c0:36,1496405373578170,79,0,0,0,0,726,0,0,SUCCESS,8.6697E+11
e4:b3:18:9f:bf:96,1496405373599677,55,0,0,0,0,353,0,0,SUCCESS,8.6697E+11
e4:b3:18:9f:c1:8f,1496405373620921,69,0,0,0,0,3047,0,0,SUCCESS,8.6697E+11
e4:b3:18:9f:c0:04,1496405373633864,70,0,0,0,0,1151,0,0,SUCCESS,8.6697E+11
e4:b3:18:9f:c0:18,1496405373686420,61,0,0,0,0,1529,0,0,SUCCESS,8.6697E+11
e4:b3:18:9f:bf:87,1496405373698660,73,0,0,0,0,662,0,0,SUCCESS,8.6697E+11
e4:b3:18:9f:c0:b3,1496405373865628,0,0,0,0,0,0,0,0,FAILURE,8.6697E+11
44:85:00:c5:69:d5,1496405373839160,74,0,0,0,0,1758,0,0,SUCCESS,8.6697E+11
44:85:00:c5:67:3c,1496405373851408,79,0,0,0,0,1564,0,0,SUCCESS,8.6697E+11
e4:b3:18:9f:bf:b4,1496405374444458,0,0,0,0,0,0,0,0,FAILURE,8.66971E+11
44:85:00:c5:6c:19,1496405374444457,0,0,0,0,0,0,0,0,FAILURE,8.66971E+11
44:85:00:c5:69:a8,1496405374444500,0,0,0,0,0,0,0,0,FAILURE,8.66971E+11
44:85:00:c5:67:37,1496405374444443,0,0,0,0,0,0,0,0,FAILURE,8.66971E+11
e4:b3:18:9f:c1:4e,1496405374444445,0,0,0,0,0,0,0,0,FAILURE,8.66971E+11
e4:b3:18:9f:c1:99,1496405374608401,0,0,0,0,0,0,0,0,FAILURE,8.66971E+11
e4:b3:18:9f:bf:af,1496405374892879,80,0,0,0,0,974,0,0,SUCCESS,8.66971E+11
e4:b3:18:9f:c0:36,1496405374905829,80,0,0,0,0,619,0,0,SUCCESS,8.66971E+11
e4:b3:18:9f:bf:96,1496405374918296,62,0,0,0,0,303,0,0,SUCCESS,8.66971E+11
e4:b3:18:9f:c1:8f,1496405374930732,70,0,0,0,0,3031,0,0,SUCCESS,8.66971E+11
e4:b3:18:9f:c0:04,1496405374942868,74,0,0,0,0,1163,0,0,SUCCESS,8.66971E+11
e4:b3:18:9f:c0:18,1496405374994869,64,0,0,0,0,1478,0,0,SUCCESS,8.66972E+11
e4:b3:18:9f:bf:87,1496405375007498,71,0,0,0,0,758,0,0,SUCCESS,8.66972E+11
e4:b3:18:9f:c0:b3,1496405375191050,0,0,0,0,0,0,0,0,FAILURE,8.66972E+11
44:85:00:c5:69:d5,1496405375164499,80,0,0,0,0,1825,0,0,SUCCESS,8.66972E+11
44:85:00:c5:67:3c,1496405375177526,79,0,0,0,0,1603,0,0,SUCCESS,8.66972E+11
e4:b3:18:9f:bf:b4,1496405375871767,0,0,0,0,0,0,0,0,FAILURE,8.66972E+11
44:85:00:c5:6c:19,1496405375871765,0,0,0,0,0,0,0,0,FAILURE,8.66972E+11
44:85:00:c5:69:a8,1496405375871760,0,0,0,0,0,0,0,0,FAILURE,8.66972E+11
44:85:00:c5:67:37,1496405375871753,0,0,0,0,0,0,0,0,FAILURE,8.66972E+11
e4:b3:18:9f:c1:4e,1496405375871746,0,0,0,0,0,0,0,0,FAILURE,8.66972E+11
e4:b3:18:9f:c1:99,1496405376037601,0,0,0,0,0,0,0,0,FAILURE,8.66973E+11
e4:b3:18:9f:bf:af,1496405376395791,0,0,0,0,0,0,0,0,FAILURE,8.66973E+11
e4:b3:18:9f:c0:36,1496405376346022,80,0,0,0,0,786,0,0,SUCCESS,8.66973E+11
e4:b3:18:9f:bf:96,1496405376358374,61,0,0,0,0,384,0,0,SUCCESS,8.66973E+11
e4:b3:18:9f:c1:8f,1496405376371016,70,0,0,0,0,3055,0,0,SUCCESS,8.66973E+11
e4:b3:18:9f:c0:04,1496405376384015,71,0,0,0,0,1054,0,0,SUCCESS,8.66973E+11
e4:b3:18:9f:c0:18,1496405376436273,62,0,0,0,0,1524,0,0,SUCCESS,8.66973E+11
e4:b3:18:9f:bf:87,1496405376449333,80,0,0,0,0,729,0,0,SUCCESS,8.66973E+11
e4:b3:18:9f:c0:b3,1496405376630888,0,0,0,0,0,0,0,0,FAILURE,8.66973E+11
44:85:00:c5:69:d5,1496405376589645,74,0,0,0,0,1852,0,0,SUCCESS,8.66973E+11
44:85:00:c5:67:3c,1496405376630880,0,0,0,0,0,0,0,0,FAILURE,8.66973E+11
e4:b3:18:9f:bf:b4,1496405377309634,0,0,0,0,0,0,0,0,FAILURE,8.66974E+11
44:85:00:c5:6c:19,1496405377309625,0,0,0,0,0,0,0,0,FAILURE,8.66974E+11
44:85:00:c5:69:a8,1496405377309626,0,0,0,0,0,0,0,0,FAILURE,8.66974E+11
44:85:00:c5:67:37,1496405377309626,0,0,0,0,0,0,0,0,FAILURE,8.66974E+11
e4:b3:18:9f:c1:4e,1496405377309627,0,0,0,0,0,0,0,0,FAILURE,8.66974E+11
e4:b3:18:9f:c1:99,1496405377464444,0,0,0,0,0,0,0,0,FAILURE,8.66974E+11
e4:b3:18:9f:bf:af,1496405377747130,80,0,0,0,0,1019,0,0,SUCCESS,8.66974E+11
e4:b3:18:9f:c0:36,1496405377760280,79,0,0,0,0,786,0,0,SUCCESS,8.66974E+11
e4:b3:18:9f:bf:96,1496405377772795,57,0,0,0,0,236,0,0,SUCCESS,8.66974E+11
e4:b3:18:9f:c1:8f,1496405377785492,66,0,0,0,0,3048,0,0,SUCCESS,8.66974E+11
e4:b3:18:9f:c0:04,1496405377798817,66,0,0,0,0,1164,0,0,SUCCESS,8.66974E+11
e4:b3:18:9f:c0:18,1496405377851788,60,0,0,0,0,1508,0,0,SUCCESS,8.66974E+11
e4:b3:18:9f:bf:87,1496405377864408,77,0,0,0,0,714,0,0,SUCCESS,8.66974E+11
e4:b3:18:9f:c0:b3,1496405378791476,0,0,0,0,0,0,0,0,FAILURE,8.66975E+11
44:85:00:c5:69:d5,1496405378005313,78,0,0,0,0,1798,0,0,SUCCESS,8.66975E+11
44:85:00:c5:67:3c,1496405378791470,0,0,0,0,0,0,0,0,FAILURE,8.66975E+11
e4:b3:18:9f:bf:b4,1496405379367661,0,0,0,0,0,0,0,0,FAILURE,8.66976E+11
44:85:00:c5:6c:19,1496405379367658,0,0,0,0,0,0,0,0,FAILURE,8.66976E+11
44:85:00:c5:69:a8,1496405379367653,0,0,0,0,0,0,0,0,FAILURE,8.66976E+11
44:85:00:c5:67:37,1496405379367650,0,0,0,0,0,0,0,0,FAILURE,8.66976E+11
e4:b3:18:9f:c1:4e,1496405379367643,0,0,0,0,0,0,0,0,FAILURE,8.66976E+11
e4:b3:18:9f:c1:99,1496405379533867,0,0,0,0,0,0,0,0,FAILURE,8.66976E+11
e4:b3:18:9f:bf:af,1496405379812583,83,0,0,0,0,866,0,0,SUCCESS,8.66976E+11
e4:b3:18:9f:c0:36,1496405379824608,83,0,0,0,0,904,0,0,SUCCESS,8.66976E+11
e4:b3:18:9f:bf:96,1496405379837419,55,0,0,0,0,321,0,0,SUCCESS,8.66976E+11
e4:b3:18:9f:c1:8f,1496405379849908,68,0,0,0,0,2984,0,0,SUCCESS,8.66976E+11
e4:b3:18:9f:c0:04,1496405379862197,69,0,0,0,0,1156,0,0,SUCCESS,8.66976E+11
e4:b3:18:9f:c0:18,1496405379913263,62,0,0,0,0,1467,0,0,SUCCESS,8.66976E+11
e4:b3:18:9f:bf:87,1496405379925990,78,0,0,0,0,938,0,0,SUCCESS,8.66976E+11
e4:b3:18:9f:c0:b3,1496405380207264,0,0,0,0,0,0,0,0,FAILURE,8.66977E+11
44:85:00:c5:69:d5,1496405380066694,78,0,0,0,0,1799,0,0,SUCCESS,8.66977E+11
44:85:00:c5:67:3c,1496405380207317,0,0,0,0,0,0,0,0,FAILURE,8.66977E+11
e4:b3:18:9f:bf:b4,1496405380886693,0,0,0,0,0,0,0,0,FAILURE,8.66977E+11
44:85:00:c5:6c:19,1496405380886753,0,0,0,0,0,0,0,0,FAILURE,8.66977E+11
44:85:00:c5:69:a8,1496405380886686,0,0,0,0,0,0,0,0,FAILURE,8.66977E+11
44:85:00:c5:67:37,1496405380886678,0,0,0,0,0,0,0,0,FAILURE,8.66977E+11
e4:b3:18:9f:c1:4e,1496405380886672,0,0,0,0,0,0,0,0,FAILURE,8.66977E+11
e4:b3:18:9f:c1:99,1496405381050883,0,0,0,0,0,0,0,0,FAILURE,8.66978E+11
e4:b3:18:9f:bf:af,1496405381336258,79,0,0,0,0,1103,0,0,SUCCESS,8.66978E+11
e4:b3:18:9f:c0:36,1496405381349268,83,0,0,0,0,777,0,0,SUCCESS,8.66978E+11
e4:b3:18:9f:bf:96,1496405381361699,57,0,0,0,0,385,0,0,SUCCESS,8.66978E+11
e4:b3:18:9f:c1:8f,1496405381375357,73,0,0,0,0,3140,0,0,SUCCESS,8.66978E+11
e4:b3:18:9f:c0:04,1496405381388616,63,0,0,0,0,1046,0,0,SUCCESS,8.66978E+11
e4:b3:18:9f:c0:18,1496405381439519,59,0,0,0,0,1493,0,0,SUCCESS,8.66978E+11
e4:b3:18:9f:bf:87,1496405381452023,72,0,0,0,0,746,0,0,SUCCESS,8.66978E+11
e4:b3:18:9f:c0:b3,1496405381732644,0,0,0,0,0,0,0,0,FAILURE,8.66978E+11
44:85:00:c5:69:d5,1496405381592289,83,0,0,0,0,1845,0,0,SUCCESS,8.66978E+11
44:85:00:c5:67:3c,1496405381732636,0,0,0,0,0,0,0,0,FAILURE,8.66978E+11
e4:b3:18:9f:bf:b4,1496405382412581,0,0,0,0,0,0,0,0,FAILURE,8.66979E+11
44:85:00:c5:6c:19,1496405382412580,0,0,0,0,0,0,0,0,FAILURE,8.66979E+11
44:85:00:c5:69:a8,1496405382412575,0,0,0,0,0,0,0,0,FAILURE,8.66979E+11
44:85:00:c5:67:37,1496405382412593,0,0,0,0,0,0,0,0,FAILURE,8.66979E+11
e4:b3:18:9f:c1:4e,1496405382412570,0,0,0,0,0,0,0,0,FAILURE,8.66979E+11
e4:b3:18:9f:c1:99,1496405382574690,0,0,0,0,0,0,0,0,FAILURE,8.66979E+11
e4:b3:18:9f:bf:af,1496405382860722,75,0,0,0,0,1077,0,0,SUCCESS,8.66979E+11
e4:b3:18:9f:c0:36,1496405382873095,80,0,0,0,0,945,0,0,SUCCESS,8.66979E+11
e4:b3:18:9f:bf:96,1496405382885595,59,0,0,0,0,452,0,0,SUCCESS,8.66979E+11
e4:b3:18:9f:c1:8f,1496405382897930,70,0,0,0,0,3055,0,0,SUCCESS,8.66979E+11
e4:b3:18:9f:c0:04,1496405382911331,66,0,0,0,0,1035,0,0,SUCCESS,8.66979E+11
e4:b3:18:9f:c0:18,1496405382963111,61,0,0,0,0,1451,0,0,SUCCESS,8.66979E+11
e4:b3:18:9f:bf:87,1496405382975330,70,0,0,0,0,824,0,0,SUCCESS,8.66979E+11
e4:b3:18:9f:c0:b3,1496405383257267,0,0,0,0,0,0,0,0,FAILURE,8.6698E+11
44:85:00:c5:69:d5,1496405383115702,79,0,0,0,0,1831,0,0,SUCCESS,8.6698E+11
44:85:00:c5:67:3c,1496405383257266,0,0,0,0,0,0,0,0,FAILURE,8.6698E+11
e4:b3:18:9f:bf:b4,1496405383935618,0,0,0,0,0,0,0,0,FAILURE,8.6698E+11
44:85:00:c5:6c:19,1496405383935622,0,0,0,0,0,0,0,0,FAILURE,8.6698E+11
44:85:00:c5:69:a8,1496405383935613,0,0,0,0,0,0,0,0,FAILURE,8.6698E+11
44:85:00:c5:67:37,1496405383935603,0,0,0,0,0,0,0,0,FAILURE,8.6698E+11
e4:b3:18:9f:c1:4e,1496405383935598,0,0,0,0,0,0,0,0,FAILURE,8.6698E+11
e4:b3:18:9f:c1:99,1496405384915466,0,0,0,0,0,0,0,0,FAILURE,8.66981E+11
e4:b3:18:9f:bf:af,1496405385197811,82,0,0,0,0,1182,0,0,SUCCESS,8.66982E+11
e4:b3:18:9f:c0:36,1496405385210168,84,0,0,0,0,877,0,0,SUCCESS,8.66982E+11
e4:b3:18:9f:bf:96,1496405385222636,59,0,0,0,0,300,0,0,SUCCESS,8.66982E+11
e4:b3:18:9f:c1:8f,1496405385234998,66,0,0,0,0,3044,0,0,SUCCESS,8.66982E+11
e4:b3:18:9f:c0:04,1496405385247279,61,0,0,0,0,993,0,0,SUCCESS,8.66982E+11
e4:b3:18:9f:c0:18,1496405385297797,60,0,0,0,0,1371,0,0,SUCCESS,8.66982E+11
e4:b3:18:9f:bf:87,1496405385310281,72,0,0,0,0,816,0,0,SUCCESS,8.66982E+11
e4:b3:18:9f:c0:b3,1496405385590045,0,0,0,0,0,0,0,0,FAILURE,8.66982E+11
44:85:00:c5:69:d5,1496405385450714,81,0,0,0,0,1804,0,0,SUCCESS,8.66982E+11
44:85:00:c5:67:3c,1496405385590038,0,0,0,0,0,0,0,0,FAILURE,8.66982E+11
e4:b3:18:9f:bf:b4,1496405386270742,0,0,0,0,0,0,0,0,FAILURE,8.66983E+11
44:85:00:c5:6c:19,1496405386270790,0,0,0,0,0,0,0,0,FAILURE,8.66983E+11
44:85:00:c5:69:a8,1496405386270732,0,0,0,0,0,0,0,0,FAILURE,8.66983E+11
44:85:00:c5:67:37,1496405386270728,0,0,0,0,0,0,0,0,FAILURE,8.66983E+11
e4:b3:18:9f:c1:4e,1496405386270794,0,0,0,0,0,0,0,0,FAILURE,8.66983E+11
e4:b3:18:9f:c1:99,1496405386339433,0,0,0,0,0,0,0,0,FAILURE,8.66983E+11
e4:b3:18:9f:bf:af,1496405386620184,82,0,0,0,0,665,0,0,SUCCESS,8.66983E+11
e4:b3:18:9f:c0:36,1496405386632977,82,0,0,0,0,1039,0,0,SUCCESS,8.66983E+11
e4:b3:18:9f:bf:96,1496405386646381,53,0,0,0,0,417,0,0,SUCCESS,8.66983E+11
e4:b3:18:9f:c1:8f,1496405386658960,69,0,0,0,0,3080,0,0,SUCCESS,8.66983E+11
e4:b3:18:9f:c0:04,1496405386683457,65,0,0,0,0,1018,0,0,SUCCESS,8.66983E+11
e4:b3:18:9f:c0:18,1496405386734289,61,0,0,0,0,1328,0,0,SUCCESS,8.66983E+11
e4:b3:18:9f:bf:87,1496405386746612,74,0,0,0,0,928,0,0,SUCCESS,8.66983E+11
e4:b3:18:9f:c0:b3,1496405387043629,0,0,0,0,0,0,0,0,FAILURE,8.66984E+11
44:85:00:c5:69:d5,1496405386903678,78,0,0,0,0,2030,0,0,SUCCESS,8.66983E+11
44:85:00:c5:67:3c,1496405387043623,0,0,0,0,0,0,0,0,FAILURE,8.66984E+11
e4:b3:18:9f:bf:b4,1496405387721668,0,0,0,0,0,0,0,0,FAILURE,8.66984E+11
44:85:00:c5:6c:19,1496405387721668,0,0,0,0,0,0,0,0,FAILURE,8.66984E+11
44:85:00:c5:69:a8,1496405387721670,0,0,0,0,0,0,0,0,FAILURE,8.66984E+11
44:85:00:c5:67:37,1496405387721661,0,0,0,0,0,0,0,0,FAILURE,8.66984E+11
e4:b3:18:9f:c1:4e,1496405387721658,0,0,0,0,0,0,0,0,FAILURE,8.66984E+11
e4:b3:18:9f:c1:99,1496405388700119,0,0,0,0,0,0,0,0,FAILURE,8.66985E+11
e4:b3:18:9f:bf:af,1496405388981416,84,0,0,0,0,982,0,0,SUCCESS,8.66985E+11
e4:b3:18:9f:c0:36,1496405388994296,83,0,0,0,0,1289,0,0,SUCCESS,8.66986E+11
e4:b3:18:9f:bf:96,1496405389008731,55,0,0,0,0,407,0,0,SUCCESS,8.66986E+11
e4:b3:18:9f:c1:8f,1496405389021522,68,0,0,0,0,3091,0,0,SUCCESS,8.66986E+11
e4:b3:18:9f:c0:04,1496405389034442,58,0,0,0,0,949,0,0,SUCCESS,8.66986E+11
e4:b3:18:9f:c0:18,1496405389086656,58,0,0,0,0,1180,0,0,SUCCESS,8.66986E+11
e4:b3:18:9f:bf:87,1496405389098898,73,0,0,0,0,843,0,0,SUCCESS,8.66986E+11
e4:b3:18:9f:c0:b3,1496405389379388,0,0,0,0,0,0,0,0,FAILURE,8.66986E+11
44:85:00:c5:69:d5,1496405389239240,81,0,0,0,0,1873,0,0,SUCCESS,8.66986E+11
44:85:00:c5:67:3c,1496405389379376,0,0,0,0,0,0,0,0,FAILURE,8.66986E+11
e4:b3:18:9f:bf:b4,1496405390055752,0,0,0,0,0,0,0,0,FAILURE,8.66987E+11
44:85:00:c5:6c:19,1496405390055753,0,0,0,0,0,0,0,0,FAILURE,8.66987E+11
44:85:00:c5:69:a8,1496405390055745,0,0,0,0,0,0,0,0,FAILURE,8.66987E+11
44:85:00:c5:67:37,1496405390055737,0,0,0,0,0,0,0,0,FAILURE,8.66987E+11
e4:b3:18:9f:c1:4e,1496405390055751,0,0,0,0,0,0,0,0,FAILURE,8.66987E+11
e4:b3:18:9f:c1:99,1496405390219971,0,0,0,0,0,0,0,0,FAILURE,8.66987E+11
e4:b3:18:9f:bf:af,1496405390498264,81,0,0,0,0,1078,0,0,SUCCESS,8.66987E+11
e4:b3:18:9f:c0:36,1496405391437570,0,0,0,0,0,0,0,0,FAILURE,8.66988E+11
e4:b3:18:9f:bf:96,1496405390522674,57,0,0,0,0,426,0,0,SUCCESS,8.66987E+11
e4:b3:18:9f:c1:8f,1496405390545102,67,0,0,0,0,3107,0,0,SUCCESS,8.66987E+11
e4:b3:18:9f:c0:04,1496405390557902,60,0,0,0,0,920,0,0,SUCCESS,8.66987E+11
e4:b3:18:9f:c0:18,1496405391476362,58,0,0,0,0,1411,0,0,SUCCESS,8.66988E+11
e4:b3:18:9f:bf:87,1496405391488956,73,0,0,0,0,824,0,0,SUCCESS,8.66988E+11
e4:b3:18:9f:c0:b3,1496405391769423,0,0,0,0,0,0,0,0,FAILURE,8.66988E+11
44:85:00:c5:69:d5,1496405391629221,82,0,0,0,0,2199,0,0,SUCCESS,8.66988E+11
44:85:00:c5:67:3c,1496405391769415,0,0,0,0,0,0,0,0,FAILURE,8.66988E+11
e4:b3:18:9f:bf:b4,1496405392447421,0,0,0,0,0,0,0,0,FAILURE,8.66989E+11
44:85:00:c5:6c:19,1496405392447447,0,0,0,0,0,0,0,0,FAILURE,8.66989E+11
44:85:00:c5:69:a8,1496405392447415,0,0,0,0,0,0,0,0,FAILURE,8.66989E+11
44:85:00:c5:67:37,1496405392447428,0,0,0,0,0,0,0,0,FAILURE,8.66989E+11
e4:b3:18:9f:c1:4e,1496405392447407,0,0,0,0,0,0,0,0,FAILURE,8.66989E+11
e4:b3:18:9f:c1:99,1496405392609380,0,0,0,0,0,0,0,0,FAILURE,8.66989E+11
e4:b3:18:9f:bf:af,1496405392896658,81,0,0,0,0,1220,0,0,SUCCESS,8.66989E+11
e4:b3:18:9f:c0:36,1496405392909449,81,0,0,0,0,1051,0,0,SUCCESS,8.66989E+11
e4:b3:18:9f:bf:96,1496405392921494,58,0,0,0,0,399,0,0,SUCCESS,8.66989E+11
e4:b3:18:9f:c1:8f,1496405392933923,66,0,0,0,0,3117,0,0,SUCCESS,8.66989E+11
e4:b3:18:9f:c0:04,1496405392946154,57,0,0,0,0,943,0,0,SUCCESS,8.66989E+11
e4:b3:18:9f:c0:18,1496405392996627,59,0,0,0,0,1384,0,0,SUCCESS,8.6699E+11
e4:b3:18:9f:bf:87,1496405393009390,75,0,0,0,0,833,0,0,SUCCESS,8.6699E+11
e4:b3:18:9f:c0:b3,1496405393303128,0,0,0,0,0,0,0,0,FAILURE,8.6699E+11
44:85:00:c5:69:d5,1496405393303122,0,0,0,0,0,0,0,0,FAILURE,8.6699E+11
44:85:00:c5:67:3c,1496405393303154,0,0,0,0,0,0,0,0,FAILURE,8.6699E+11
e4:b3:18:9f:bf:b4,1496405393881350,0,0,0,0,0,0,0,0,FAILURE,8.6699E+11
44:85:00:c5:6c:19,1496405393881277,0,0,0,0,0,0,0,0,FAILURE,8.6699E+11
44:85:00:c5:69:a8,1496405393881269,0,0,0,0,0,0,0,0,FAILURE,8.6699E+11
44:85:00:c5:67:37,1496405393881266,0,0,0,0,0,0,0,0,FAILURE,8.6699E+11
e4:b3:18:9f:c1:4e,1496405393881263,0,0,0,0,0,0,0,0,FAILURE,8.6699E+11
e4:b3:18:9f:c1:99,1496405394044785,0,0,0,0,0,0,0,0,FAILURE,8.66991E+11
e4:b3:18:9f:bf:af,1496405394324182,79,0,0,0,0,888,0,0,SUCCESS,8.66991E+11
e4:b3:18:9f:c0:36,1496405394349095,83,0,0,0,0,940,0,0,SUCCESS,8.66991E+11
e4:b3:18:9f:bf:96,1496405394361772,60,0,0,0,0,343,0,0,SUCCESS,8.66991E+11
e4:b3:18:9f:c1:8f,1496405394383011,68,0,0,0,0,3113,0,0,SUCCESS,8.66991E+11
e4:b3:18:9f:c0:04,1496405394395439,58,0,0,0,0,939,0,0,SUCCESS,8.66991E+11
e4:b3:18:9f:c0:18,1496405394444479,58,0,0,0,0,1385,0,0,SUCCESS,8.66991E+11
e4:b3:18:9f:bf:87,1496405394456808,79,0,0,0,0,844,0,0,SUCCESS,8.66991E+11
e4:b3:18:9f:c0:b3,1496405394748773,0,0,0,0,0,0,0,0,FAILURE,8.66991E+11
44:85:00:c5:69:d5,1496405394597311,81,0,0,0,0,2008,0,0,SUCCESS,8.66991E+11
44:85:00:c5:67:3c,1496405394748765,0,0,0,0,0,0,0,0,FAILURE,8.66991E+11
e4:b3:18:9f:bf:b4,1496405395428620,0,0,0,0,0,0,0,0,FAILURE,8.66992E+11
44:85:00:c5:6c:19,1496405395428616,0,0,0,0,0,0,0,0,FAILURE,8.66992E+11
44:85:00:c5:69:a8,1496405395428612,0,0,0,0,0,0,0,0,FAILURE,8.66992E+11
44:85:00:c5:67:37,1496405395428609,0,0,0,0,0,0,0,0,FAILURE,8.66992E+11
e4:b3:18:9f:c1:4e,1496405395428605,0,0,0,0,0,0,0,0,FAILURE,8.66992E+11
e4:b3:18:9f:c1:99,1496405395595104,0,0,0,0,0,0,0,0,FAILURE,8.66992E+11
e4:b3:18:9f:bf:af,1496405395894903,82,0,0,0,0,1243,0,0,SUCCESS,8.66992E+11
e4:b3:18:9f:c0:36,1496405395917862,84,0,0,0,0,1159,0,0,SUCCESS,8.66992E+11
e4:b3:18:9f:bf:96,1496405395930354,59,0,0,0,0,466,0,0,SUCCESS,8.66992E+11
e4:b3:18:9f:c1:8f,1496405395943215,70,0,0,0,0,3267,0,0,SUCCESS,8.66992E+11
e4:b3:18:9f:c0:04,1496405395958100,56,0,0,0,0,869,0,0,SUCCESS,8.66992E+11
e4:b3:18:9f:c0:18,1496405396010109,62,0,0,0,0,1333,0,0,SUCCESS,8.66993E+11
e4:b3:18:9f:bf:87,1496405396023226,77,0,0,0,0,796,0,0,SUCCESS,8.66993E+11
e4:b3:18:9f:c0:b3,1496405396312590,0,0,0,0,0,0,0,0,FAILURE,8.66993E+11
44:85:00:c5:69:d5,1496405396172958,83,0,0,0,0,2039,0,0,SUCCESS,8.66993E+11
44:85:00:c5:67:3c,1496405396312540,0,0,0,0,0,0,0,0,FAILURE,8.66993E+11
e4:b3:18:9f:bf:b4,1496405396890878,0,0,0,0,0,0,0,0,FAILURE,8.66993E+11
44:85:00:c5:6c:19,1496405396890884,0,0,0,0,0,0,0,0,FAILURE,8.66993E+11
44:85:00:c5:69:a8,1496405396890873,0,0,0,0,0,0,0,0,FAILURE,8.66993E+11
44:85:00:c5:67:37,1496405396890863,0,0,0,0,0,0,0,0,FAILURE,8.66993E+11
e4:b3:18:9f:c1:4e,1496405396890860,0,0,0,0,0,0,0,0,FAILURE,8.66993E+11
e4:b3:18:9f:c1:99,1496405397053715,0,0,0,0,0,0,0,0,FAILURE,8.66994E+11
e4:b3:18:9f:bf:af,1496405397337136,85,0,0,0,0,521,0,0,SUCCESS,8.66994E+11
e4:b3:18:9f:c0:36,1496405397349536,81,0,0,0,0,1188,0,0,SUCCESS,8.66994E+11
e4:b3:18:9f:bf:96,1496405397372635,57,0,0,0,0,336,0,0,SUCCESS,8.66994E+11
e4:b3:18:9f:c1:8f,1496405397385190,68,0,0,0,0,3180,0,0,SUCCESS,8.66994E+11
e4:b3:18:9f:c0:04,1496405397407631,63,0,0,0,0,838,0,0,SUCCESS,8.66994E+11
e4:b3:18:9f:c0:18,1496405397460162,60,0,0,0,0,1253,0,0,SUCCESS,8.66994E+11
e4:b3:18:9f:bf:87,1496405397472618,84,0,0,0,0,897,0,0,SUCCESS,8.66994E+11
e4:b3:18:9f:c0:b3,1496405397763820,0,0,0,0,0,0,0,0,FAILURE,8.66994E+11
44:85:00:c5:69:d5,1496405397623710,83,0,0,0,0,2099,0,0,SUCCESS,8.66994E+11
44:85:00:c5:67:3c,1496405397763824,0,0,0,0,0,0,0,0,FAILURE,8.66994E+11
e4:b3:18:9f:bf:b4,1496405398439841,0,0,0,0,0,0,0,0,FAILURE,8.66995E+11
44:85:00:c5:6c:19,1496405398439841,0,0,0,0,0,0,0,0,FAILURE,8.66995E+11
44:85:00:c5:69:a8,1496405398439879,0,0,0,0,0,0,0,0,FAILURE,8.66995E+11
44:85:00:c5:67:37,1496405398439825,0,0,0,0,0,0,0,0,FAILURE,8.66995E+11
e4:b3:18:9f:c1:4e,1496405398439832,0,0,0,0,0,0,0,0,FAILURE,8.66995E+11
e4:b3:18:9f:c1:99,1496405398606899,0,0,0,0,0,0,0,0,FAILURE,8.66995E+11
e4:b3:18:9f:bf:af,1496405398889282,77,0,0,0,0,1222,0,0,SUCCESS,8.66995E+11
e4:b3:18:9f:c0:36,1496405399181444,0,0,0,0,0,0,0,0,FAILURE,8.66996E+11
e4:b3:18:9f:bf:96,1496405399029474,58,0,0,0,0,356,0,0,SUCCESS,8.66996E+11
e4:b3:18:9f:c1:8f,1496405399181432,0,0,0,0,0,0,0,0,FAILURE,8.66996E+11
e4:b3:18:9f:c0:04,1496405399169945,57,0,0,0,0,861,0,0,SUCCESS,8.66996E+11
e4:b3:18:9f:c0:18,1496405399228168,57,0,0,0,0,1261,0,0,SUCCESS,8.66996E+11
e4:b3:18:9f:bf:87,1496405399240539,72,0,0,0,0,844,0,0,SUCCESS,8.66996E+11
e4:b3:18:9f:c0:b3,1496405399520637,0,0,0,0,0,0,0,0,FAILURE,8.66996E+11
44:85:00:c5:69:d5,1496405399380999,84,0,0,0,0,2097,0,0,SUCCESS,8.66996E+11
44:85:00:c5:67:3c,1496405399520626,0,0,0,0,0,0,0,0,FAILURE,8.66996E+11
e4:b3:18:9f:bf:b4,1496405400199492,0,0,0,0,0,0,0,0,FAILURE,8.66997E+11
44:85:00:c5:6c:19,1496405400199492,0,0,0,0,0,0,0,0,FAILURE,8.66997E+11
44:85:00:c5:69:a8,1496405400199486,0,0,0,0,0,0,0,0,FAILURE,8.66997E+11
44:85:00:c5:67:37,1496405400199475,0,0,0,0,0,0,0,0,FAILURE,8.66997E+11
e4:b3:18:9f:c1:4e,1496405400199471,0,0,0,0,0,0,0,0,FAILURE,8.66997E+11
e4:b3:18:9f:c1:99,1496405400364036,0,0,0,0,0,0,0,0,FAILURE,8.66997E+11
e4:b3:18:9f:bf:af,1496405400646135,80,0,0,0,0,685,0,0,SUCCESS,8.66997E+11
e4:b3:18:9f:c0:36,1496405400658567,84,0,0,0,0,1255,0,0,SUCCESS,8.66997E+11
e4:b3:18:9f:bf:96,1496405400670947,61,0,0,0,0,389,0,0,SUCCESS,8.66997E+11
e4:b3:18:9f:c1:8f,1496405400683820,68,0,0,0,0,3242,0,0,SUCCESS,8.66997E+11
e4:b3:18:9f:c0:04,1496405400698844,61,0,0,0,0,793,0,0,SUCCESS,8.66997E+11
e4:b3:18:9f:c0:18,1496405400751479,60,0,0,0,0,1307,0,0,SUCCESS,8.66997E+11
e4:b3:18:9f:bf:87,1496405400764162,78,0,0,0,0,830,0,0,SUCCESS,8.66997E+11
e4:b3:18:9f:c0:b3,1496405401159926,0,0,0,0,0,0,0,0,FAILURE,8.66998E+11
44:85:00:c5:69:d5,1496405401159875,0,0,0,0,0,0,0,0,FAILURE,8.66998E+11
44:85:00:c5:67:3c,1496405401159882,0,0,0,0,0,0,0,0,FAILURE,8.66998E+11
e4:b3:18:9f:bf:b4,1496405401836535,0,0,0,0,0,0,0,0,FAILURE,8.66998E+11
44:85:00:c5:6c:19,1496405401836532,0,0,0,0,0,0,0,0,FAILURE,8.66998E+11
44:85:00:c5:69:a8,1496405401836570,0,0,0,0,0,0,0,0,FAILURE,8.66998E+11
44:85:00:c5:67:37,1496405401836521,0,0,0,0,0,0,0,0,FAILURE,8.66998E+11
e4:b3:18:9f:c1:4e,1496405401836515,0,0,0,0,0,0,0,0,FAILURE,8.66998E+11
e4:b3:18:9f:c1:99,1496405402004137,0,0,0,0,0,0,0,0,FAILURE,8.66999E+11
e4:b3:18:9f:bf:af,1496405402285784,83,0,0,0,0,1184,0,0,SUCCESS,8.66999E+11
e4:b3:18:9f:c0:36,1496405402298121,82,0,0,0,0,1016,0,0,SUCCESS,8.66999E+11
e4:b3:18:9f:bf:96,1496405402310503,60,0,0,0,0,405,0,0,SUCCESS,8.66999E+11
e4:b3:18:9f:c1:8f,1496405402323164,72,0,0,0,0,3111,0,0,SUCCESS,8.66999E+11
e4:b3:18:9f:c0:04,1496405402473819,0,0,0,0,0,0,0,0,FAILURE,8.66999E+11
e4:b3:18:9f:c0:18,1496405402516044,67,0,0,0,0,1315,0,0,SUCCESS,8.66999E+11
e4:b3:18:9f:bf:87,1496405402536922,73,0,0,0,0,856,0,0,SUCCESS,8.66999E+11
e4:b3:18:9f:c0:b3,1496405402932883,0,0,0,0,0,0,0,0,FAILURE,8.66999E+11
44:85:00:c5:69:d5,1496405402932883,0,0,0,0,0,0,0,0,FAILURE,8.66999E+11
44:85:00:c5:67:3c,1496405402932879,0,0,0,0,0,0,0,0,FAILURE,8.66999E+11
e4:b3:18:9f:bf:b4,1496405403611407,0,0,0,0,0,0,0,0,FAILURE,8.67E+11
44:85:00:c5:6c:19,1496405403611407,0,0,0,0,0,0,0,0,FAILURE,8.67E+11
44:85:00:c5:69:a8,1496405403611397,0,0,0,0,0,0,0,0,FAILURE,8.67E+11
44:85:00:c5:67:37,1496405403611394,0,0,0,0,0,0,0,0,FAILURE,8.67E+11
e4:b3:18:9f:c1:4e,1496405403611432,0,0,0,0,0,0,0,0,FAILURE,8.67E+11
e4:b3:18:9f:c1:99,1496405403778828,0,0,0,0,0,0,0,0,FAILURE,8.67E+11
e4:b3:18:9f:bf:af,1496405404060915,78,0,0,0,0,954,0,0,SUCCESS,8.67001E+11
e4:b3:18:9f:c0:36,1496405404075934,82,0,0,0,0,1180,0,0,SUCCESS,8.67001E+11
e4:b3:18:9f:bf:96,1496405404089557,58,0,0,0,0,342,0,0,SUCCESS,8.67001E+11
e4:b3:18:9f:c1:8f,1496405404102234,72,0,0,0,0,3218,0,0,SUCCESS,8.67001E+11
e4:b3:18:9f:c0:04,1496405404132413,55,0,0,0,0,849,0,0,SUCCESS,8.67001E+11
e4:b3:18:9f:c0:18,1496405404193409,63,0,0,0,0,1216,0,0,SUCCESS,8.67001E+11
e4:b3:18:9f:bf:87,1496405404206228,77,0,0,0,0,819,0,0,SUCCESS,8.67001E+11
e4:b3:18:9f:c0:b3,1496405404501585,0,0,0,0,0,0,0,0,FAILURE,8.67001E+11
44:85:00:c5:69:d5,1496405404501641,0,0,0,0,0,0,0,0,FAILURE,8.67001E+11
44:85:00:c5:67:3c,1496405404501579,0,0,0,0,0,0,0,0,FAILURE,8.67001E+11
e4:b3:18:9f:bf:b4,1496405405180692,0,0,0,0,0,0,0,0,FAILURE,8.67002E+11
44:85:00:c5:6c:19,1496405405180690,0,0,0,0,0,0,0,0,FAILURE,8.67002E+11
44:85:00:c5:69:a8,1496405405180679,0,0,0,0,0,0,0,0,FAILURE,8.67002E+11
44:85:00:c5:67:37,1496405405180677,0,0,0,0,0,0,0,0,FAILURE,8.67002E+11
e4:b3:18:9f:c1:4e,1496405405180689,0,0,0,0,0,0,0,0,FAILURE,8.67002E+11
e4:b3:18:9f:c1:99,1496405405344060,0,0,0,0,0,0,0,0,FAILURE,8.67002E+11
e4:b3:18:9f:bf:af,1496405405624830,82,0,0,0,0,975,0,0,SUCCESS,8.67002E+11
e4:b3:18:9f:c0:36,1496405405637149,85,0,0,0,0,1225,0,0,SUCCESS,8.67002E+11
e4:b3:18:9f:bf:96,1496405405650345,54,0,0,0,0,479,0,0,SUCCESS,8.67002E+11
e4:b3:18:9f:c1:8f,1496405405663665,72,0,0,0,0,3257,0,0,SUCCESS,8.67002E+11
e4:b3:18:9f:c0:04,1496405405676579,54,0,0,0,0,865,0,0,SUCCESS,8.67002E+11
e4:b3:18:9f:c0:18,1496405405727502,57,0,0,0,0,1241,0,0,SUCCESS,8.67002E+11
e4:b3:18:9f:bf:87,1496405405739680,78,0,0,0,0,920,0,0,SUCCESS,8.67002E+11
e4:b3:18:9f:c0:b3,1496405406022076,0,0,0,0,0,0,0,0,FAILURE,8.67003E+11
44:85:00:c5:69:d5,1496405405880203,81,0,0,0,0,1797,0,0,SUCCESS,8.67002E+11
44:85:00:c5:67:3c,1496405406022050,0,0,0,0,0,0,0,0,FAILURE,8.67003E+11
e4:b3:18:9f:bf:b4,1496405406700523,0,0,0,0,0,0,0,0,FAILURE,8.67003E+11
44:85:00:c5:6c:19,1496405406700520,0,0,0,0,0,0,0,0,FAILURE,8.67003E+11
44:85:00:c5:69:a8,1496405406700552,0,0,0,0,0,0,0,0,FAILURE,8.67003E+11
44:85:00:c5:67:37,1496405406700509,0,0,0,0,0,0,0,0,FAILURE,8.67003E+11
e4:b3:18:9f:c1:4e,1496405406700507,0,0,0,0,0,0,0,0,FAILURE,8.67003E+11
e4:b3:18:9f:c1:99,1496405406865231,0,0,0,0,0,0,0,0,FAILURE,8.67003E+11
e4:b3:18:9f:bf:af,1496405407154907,83,0,0,0,0,849,0,0,SUCCESS,8.67004E+11
e4:b3:18:9f:c0:36,1496405407167683,84,0,0,0,0,1282,0,0,SUCCESS,8.67004E+11
e4:b3:18:9f:bf:96,1496405407180697,56,0,0,0,0,494,0,0,SUCCESS,8.67004E+11
e4:b3:18:9f:c1:8f,1496405407192752,73,0,0,0,0,3153,0,0,SUCCESS,8.67004E+11
e4:b3:18:9f:c0:04,1496405407213529,52,0,0,0,0,829,0,0,SUCCESS,8.67004E+11
e4:b3:18:9f:c0:18,1496405407262714,59,0,0,0,0,1257,0,0,SUCCESS,8.67004E+11
e4:b3:18:9f:bf:87,1496405407275673,76,0,0,0,0,967,0,0,SUCCESS,8.67004E+11
e4:b3:18:9f:c0:b3,1496405407671330,0,0,0,0,0,0,0,0,FAILURE,8.67004E+11
44:85:00:c5:69:d5,1496405407671325,0,0,0,0,0,0,0,0,FAILURE,8.67004E+11
44:85:00:c5:67:3c,1496405407671371,0,0,0,0,0,0,0,0,FAILURE,8.67004E+11
e4:b3:18:9f:bf:b4,1496405408350601,0,0,0,0,0,0,0,0,FAILURE,8.67005E+11
44:85:00:c5:6c:19,1496405408350653,0,0,0,0,0,0,0,0,FAILURE,8.67005E+11
44:85:00:c5:69:a8,1496405408350595,0,0,0,0,0,0,0,0,FAILURE,8.67005E+11
44:85:00:c5:67:37,1496405408350590,0,0,0,0,0,0,0,0,FAILURE,8.67005E+11
e4:b3:18:9f:c1:4e,1496405408350585,0,0,0,0,0,0,0,0,FAILURE,8.67005E+11
e4:b3:18:9f:c1:99,1496405408515348,0,0,0,0,0,0,0,0,FAILURE,8.67005E+11
e4:b3:18:9f:bf:af,1496405408896300,0,0,0,0,0,0,0,0,FAILURE,8.67005E+11
e4:b3:18:9f:c0:36,1496405408844844,87,0,0,0,0,1452,0,0,SUCCESS,8.67005E+11
e4:b3:18:9f:bf:96,1496405408858365,55,0,0,0,0,339,0,0,SUCCESS,8.67005E+11
e4:b3:18:9f:c1:8f,1496405408870835,77,0,0,0,0,3340,0,0,SUCCESS,8.67005E+11
e4:b3:18:9f:c0:04,1496405408884689,61,0,0,0,0,825,0,0,SUCCESS,8.67005E+11
e4:b3:18:9f:c0:18,1496405408934800,63,0,0,0,0,1245,0,0,SUCCESS,8.67005E+11
e4:b3:18:9f:bf:87,1496405408959829,84,0,0,0,0,993,0,0,SUCCESS,8.67005E+11
e4:b3:18:9f:c0:b3,1496405409240139,0,0,0,0,0,0,0,0,FAILURE,8.67006E+11
44:85:00:c5:69:d5,1496405409099959,83,0,0,0,0,1759,0,0,SUCCESS,8.67006E+11
44:85:00:c5:67:3c,1496405409240090,0,0,0,0,0,0,0,0,FAILURE,8.67006E+11
e4:b3:18:9f:bf:b4,1496405409919212,0,0,0,0,0,0,0,0,FAILURE,8.67006E+11
44:85:00:c5:6c:19,1496405409919205,0,0,0,0,0,0,0,0,FAILURE,8.67006E+11
44:85:00:c5:69:a8,1496405409919202,0,0,0,0,0,0,0,0,FAILURE,8.67006E+11
44:85:00:c5:67:37,1496405409919200,0,0,0,0,0,0,0,0,FAILURE,8.67006E+11
e4:b3:18:9f:c1:4e,1496405409919245,0,0,0,0,0,0,0,0,FAILURE,8.67006E+11
e4:b3:18:9f:c1:99,1496405410086086,0,0,0,0,0,0,0,0,FAILURE,8.67007E+11
e4:b3:18:9f:bf:af,1496405410366915,86,0,0,0,0,640,0,0,SUCCESS,8.67007E+11
e4:b3:18:9f:c0:36,1496405410543576,0,0,0,0,0,0,0,0,FAILURE,8.67007E+11
e4:b3:18:9f:bf:96,1496405410507437,50,0,0,0,0,423,0,0,SUCCESS,8.67007E+11
e4:b3:18:9f:c1:8f,1496405410519610,71,0,0,0,0,3388,0,0,SUCCESS,8.67007E+11
e4:b3:18:9f:c0:04,1496405410532198,56,0,0,0,0,724,0,0,SUCCESS,8.67007E+11
e4:b3:18:9f:c0:18,1496405410582596,62,0,0,0,0,1229,0,0,SUCCESS,8.67007E+11
e4:b3:18:9f:bf:87,1496405410606034,77,0,0,0,0,852,0,0,SUCCESS,8.67007E+11
e4:b3:18:9f:c0:b3,1496405410895138,0,0,0,0,0,0,0,0,FAILURE,8.67007E+11
44:85:00:c5:69:d5,1496405410755445,85,0,0,0,0,2290,0,0,SUCCESS,8.67007E+11
44:85:00:c5:67:3c,1496405410895182,0,0,0,0,0,0,0,0,FAILURE,8.67007E+11
e4:b3:18:9f:bf:b4,1496405410942975,85,0,0,0,0,1560,0,0,SUCCESS,8.67007E+11
44:85:00:c5:6c:19,1496405411366001,0,0,0,0,0,0,0,0,FAILURE,8.67008E+11
44:85:00:c5:69:a8,1496405411365996,0,0,0,0,0,0,0,0,FAILURE,8.67008E+11
44:85:00:c5:67:37,1496405411365988,0,0,0,0,0,0,0,0,FAILURE,8.67008E+11
e4:b3:18:9f:c1:4e,1496405411365991,0,0,0,0,0,0,0,0,FAILURE,8.67008E+11
e4:b3:18:9f:c1:99,1496405411532542,0,0,0,0,0,0,0,0,FAILURE,8.67008E+11
e4:b3:18:9f:bf:af,1496405411814887,86,0,0,0,0,1419,0,0,SUCCESS,8.67008E+11
e4:b3:18:9f:c0:36,1496405411829853,83,0,0,0,0,1230,0,0,SUCCESS,8.67008E+11
e4:b3:18:9f:bf:96,1496405411841967,57,0,0,0,0,377,0,0,SUCCESS,8.67008E+11
e4:b3:18:9f:c1:8f,1496405411854368,71,0,0,0,0,3248,0,0,SUCCESS,8.67008E+11
e4:b3:18:9f:c0:04,1496405411866600,58,0,0,0,0,804,0,0,SUCCESS,8.67008E+11
e4:b3:18:9f:c0:18,1496405411917191,59,0,0,0,0,1217,0,0,SUCCESS,8.67008E+11
e4:b3:18:9f:bf:87,1496405411930466,80,0,0,0,0,940,0,0,SUCCESS,8.67008E+11
e4:b3:18:9f:c0:b3,1496405412226937,0,0,0,0,0,0,0,0,FAILURE,8.67009E+11
44:85:00:c5:69:d5,1496405412226927,0,0,0,0,0,0,0,0,FAILURE,8.67009E+11
44:85:00:c5:67:3c,1496405412226924,0,0,0,0,0,0,0,0,FAILURE,8.67009E+11
e4:b3:18:9f:bf:b4,1496405412902818,0,0,0,0,0,0,0,0,FAILURE,8.67009E+11
44:85:00:c5:6c:19,1496405412902889,0,0,0,0,0,0,0,0,FAILURE,8.67009E+11
44:85:00:c5:69:a8,1496405412902811,0,0,0,0,0,0,0,0,FAILURE,8.67009E+11
44:85:00:c5:67:37,1496405412902802,0,0,0,0,0,0,0,0,FAILURE,8.67009E+11
e4:b3:18:9f:c1:4e,1496405412902800,0,0,0,0,0,0,0,0,FAILURE,8.67009E+11
e4:b3:18:9f:c1:99,1496405413068763,0,0,0,0,0,0,0,0,FAILURE,8.6701E+11
e4:b3:18:9f:bf:af,1496405413541976,0,0,0,0,0,0,0,0,FAILURE,8.6701E+11
e4:b3:18:9f:c0:36,1496405413489710,85,0,0,0,0,1269,0,0,SUCCESS,8.6701E+11
e4:b3:18:9f:bf:96,1496405413504217,55,0,0,0,0,301,0,0,SUCCESS,8.6701E+11
e4:b3:18:9f:c1:8f,1496405413518615,77,0,0,0,0,3335,0,0,SUCCESS,8.6701E+11
e4:b3:18:9f:c0:04,1496405413530813,68,0,0,0,0,840,0,0,SUCCESS,8.6701E+11
e4:b3:18:9f:c0:18,1496405413582229,60,0,0,0,0,1151,0,0,SUCCESS,8.6701E+11
e4:b3:18:9f:bf:87,1496405413594999,84,0,0,0,0,973,0,0,SUCCESS,8.6701E+11
e4:b3:18:9f:c0:b3,1496405413877049,0,0,0,0,0,0,0,0,FAILURE,8.6701E+11
44:85:00:c5:69:d5,1496405413735376,80,0,0,0,0,2021,0,0,SUCCESS,8.6701E+11
44:85:00:c5:67:3c,1496405413877043,0,0,0,0,0,0,0,0,FAILURE,8.6701E+11
e4:b3:18:9f:bf:b4,1496405414556088,0,0,0,0,0,0,0,0,FAILURE,8.67011E+11
44:85:00:c5:6c:19,1496405414556087,0,0,0,0,0,0,0,0,FAILURE,8.67011E+11
44:85:00:c5:69:a8,1496405414556080,0,0,0,0,0,0,0,0,FAILURE,8.67011E+11
44:85:00:c5:67:37,1496405414556075,0,0,0,0,0,0,0,0,FAILURE,8.67011E+11
e4:b3:18:9f:c1:4e,1496405414556144,0,0,0,0,0,0,0,0,FAILURE,8.67011E+11
e4:b3:18:9f:c1:99,1496405414720772,0,0,0,0,0,0,0,0,FAILURE,8.67011E+11
e4:b3:18:9f:bf:af,1496405415177283,0,0,0,0,0,0,0,0,FAILURE,8.67012E+11
e4:b3:18:9f:c0:36,1496405415128276,85,0,0,0,0,1188,0,0,SUCCESS,8.67012E+11
e4:b3:18:9f:bf:96,1496405415140822,52,0,0,0,0,124,0,0,SUCCESS,8.67012E+11
e4:b3:18:9f:c1:8f,1496405415153433,81,0,0,0,0,3337,0,0,SUCCESS,8.67012E+11
e4:b3:18:9f:c0:04,1496405415165854,62,0,0,0,0,784,0,0,SUCCESS,8.67012E+11
e4:b3:18:9f:c0:18,1496405415227518,62,0,0,0,0,1323,0,0,SUCCESS,8.67012E+11
e4:b3:18:9f:bf:87,1496405415239202,78,0,0,0,0,1046,0,0,SUCCESS,8.67012E+11
e4:b3:18:9f:c0:b3,1496405415521467,0,0,0,0,0,0,0,0,FAILURE,8.67012E+11
44:85:00:c5:69:d5,1496405415379498,84,0,0,0,0,2012,0,0,SUCCESS,8.67012E+11
44:85:00:c5:67:3c,1496405415521460,0,0,0,0,0,0,0,0,FAILURE,8.67012E+11
e4:b3:18:9f:bf:b4,1496405416199415,0,0,0,0,0,0,0,0,FAILURE,8.67013E+11
44:85:00:c5:6c:19,1496405416199415,0,0,0,0,0,0,0,0,FAILURE,8.67013E+11
44:85:00:c5:69:a8,1496405416199407,0,0,0,0,0,0,0,0,FAILURE,8.67013E+11
44:85:00:c5:67:37,1496405416199404,0,0,0,0,0,0,0,0,FAILURE,8.67013E+11
e4:b3:18:9f:c1:4e,1496405416199406,0,0,0,0,0,0,0,0,FAILURE,8.67013E+11
e4:b3:18:9f:c1:99,1496405416364958,0,0,0,0,0,0,0,0,FAILURE,8.67013E+11
e4:b3:18:9f:bf:af,1496405416829279,0,0,0,0,0,0,0,0,FAILURE,8.67013E+11
e4:b3:18:9f:c0:36,1496405416777666,84,0,0,0,0,1137,0,0,SUCCESS,8.67013E+11
e4:b3:18:9f:bf:96,1496405416792238,67,0,0,0,0,279,0,0,SUCCESS,8.67013E+11
e4:b3:18:9f:c1:8f,1496405416804624,81,0,0,0,0,3314,0,0,SUCCESS,8.67013E+11
e4:b3:18:9f:c0:04,1496405416817525,59,0,0,0,0,828,0,0,SUCCESS,8.67013E+11
e4:b3:18:9f:c0:18,1496405416869598,61,0,0,0,0,1247,0,0,SUCCESS,8.67013E+11
e4:b3:18:9f:bf:87,1496405416881804,81,0,0,0,0,944,0,0,SUCCESS,8.67013E+11
e4:b3:18:9f:c0:b3,1496405417161668,0,0,0,0,0,0,0,0,FAILURE,8.67014E+11
44:85:00:c5:69:d5,1496405417022073,83,0,0,0,0,2207,0,0,SUCCESS,8.67014E+11
44:85:00:c5:67:3c,1496405417161657,0,0,0,0,0,0,0,0,FAILURE,8.67014E+11
e4:b3:18:9f:bf:b4,1496405417839755,0,0,0,0,0,0,0,0,FAILURE,8.67014E+11
44:85:00:c5:6c:19,1496405417839752,0,0,0,0,0,0,0,0,FAILURE,8.67014E+11
44:85:00:c5:69:a8,1496405417839746,0,0,0,0,0,0,0,0,FAILURE,8.67014E+11
44:85:00:c5:67:37,1496405417839738,0,0,0,0,0,0,0,0,FAILURE,8.67014E+11
e4:b3:18:9f:c1:4e,1496405417839753,0,0,0,0,0,0,0,0,FAILURE,8.67014E+11
e4:b3:18:9f:c1:99,1496405418003046,0,0,0,0,0,0,0,0,FAILURE,8.67015E+11
e4:b3:18:9f:bf:af,1496405418479740,0,0,0,0,0,0,0,0,FAILURE,8.67015E+11
e4:b3:18:9f:c0:36,1496405418479736,0,0,0,0,0,0,0,0,FAILURE,8.67015E+11
e4:b3:18:9f:bf:96,1496405418442948,52,0,0,0,0,341,0,0,SUCCESS,8.67015E+11
e4:b3:18:9f:c1:8f,1496405418455261,79,0,0,0,0,3198,0,0,SUCCESS,8.67015E+11
e4:b3:18:9f:c0:04,1496405418468292,58,0,0,0,0,958,0,0,SUCCESS,8.67015E+11
e4:b3:18:9f:c0:18,1496405418518107,64,0,0,0,0,1306,0,0,SUCCESS,8.67015E+11
e4:b3:18:9f:bf:87,1496405418530497,76,0,0,0,0,1042,0,0,SUCCESS,8.67015E+11
e4:b3:18:9f:c0:b3,1496405418828674,0,0,0,0,0,0,0,0,FAILURE,8.67015E+11
44:85:00:c5:69:d5,1496405418688754,83,0,0,0,0,1914,0,0,SUCCESS,8.67015E+11
44:85:00:c5:67:3c,1496405418828663,0,0,0,0,0,0,0,0,FAILURE,8.67015E+11
e4:b3:18:9f:bf:b4,1496405419506907,0,0,0,0,0,0,0,0,FAILURE,8.67016E+11
44:85:00:c5:6c:19,1496405419506941,0,0,0,0,0,0,0,0,FAILURE,8.67016E+11
44:85:00:c5:69:a8,1496405419506900,0,0,0,0,0,0,0,0,FAILURE,8.67016E+11
44:85:00:c5:67:37,1496405419506894,0,0,0,0,0,0,0,0,FAILURE,8.67016E+11
e4:b3:18:9f:c1:4e,1496405419506923,0,0,0,0,0,0,0,0,FAILURE,8.67016E+11
e4:b3:18:9f:c1:99,1496405419672666,0,0,0,0,0,0,0,0,FAILURE,8.67016E+11
e4:b3:18:9f:bf:af,1496405420146876,0,0,0,0,0,0,0,0,FAILURE,8.67017E+11
e4:b3:18:9f:c0:36,1496405420146871,0,0,0,0,0,0,0,0,FAILURE,8.67017E+11
e4:b3:18:9f:bf:96,1496405420110336,53,0,0,0,0,340,0,0,SUCCESS,8.67017E+11
e4:b3:18:9f:c1:8f,1496405420122732,83,0,0,0,0,3258,0,0,SUCCESS,8.67017E+11
e4:b3:18:9f:c0:04,1496405420135378,59,0,0,0,0,922,0,0,SUCCESS,8.67017E+11
e4:b3:18:9f:c0:18,1496405420186223,60,0,0,0,0,1412,0,0,SUCCESS,8.67017E+11
e4:b3:18:9f:bf:87,1496405420198606,76,0,0,0,0,1038,0,0,SUCCESS,8.67017E+11
e4:b3:18:9f:c0:b3,1496405420478362,0,0,0,0,0,0,0,0,FAILURE,8.67017E+11
44:85:00:c5:69:d5,1496405420338741,80,0,0,0,0,1999,0,0,SUCCESS,8.67017E+11
44:85:00:c5:67:3c,1496405420478351,0,0,0,0,0,0,0,0,FAILURE,8.67017E+11
e4:b3:18:9f:bf:b4,1496405421159415,0,0,0,0,0,0,0,0,FAILURE,8.67018E+11
44:85:00:c5:6c:19,1496405421159416,0,0,0,0,0,0,0,0,FAILURE,8.67018E+11
44:85:00:c5:69:a8,1496405421159410,0,0,0,0,0,0,0,0,FAILURE,8.67018E+11
44:85:00:c5:67:37,1496405421159400,0,0,0,0,0,0,0,0,FAILURE,8.67018E+11
e4:b3:18:9f:c1:4e,1496405421159397,0,0,0,0,0,0,0,0,FAILURE,8.67018E+11
e4:b3:18:9f:c1:99,1496405421322672,0,0,0,0,0,0,0,0,FAILURE,8.67018E+11
e4:b3:18:9f:bf:af,1496405421793876,0,0,0,0,0,0,0,0,FAILURE,8.67018E+11
e4:b3:18:9f:c0:36,1496405421743150,86,0,0,0,0,1060,0,0,SUCCESS,8.67018E+11
e4:b3:18:9f:bf:96,1496405421757970,59,0,0,0,0,326,0,0,SUCCESS,8.67018E+11
e4:b3:18:9f:c1:8f,1496405421770381,78,0,0,0,0,3184,0,0,SUCCESS,8.67018E+11
e4:b3:18:9f:c0:04,1496405421782380,62,0,0,0,0,884,0,0,SUCCESS,8.67018E+11
e4:b3:18:9f:c0:18,1496405421833262,66,0,0,0,0,1413,0,0,SUCCESS,8.67018E+11
e4:b3:18:9f:bf:87,1496405422241730,0,0,0,0,0,0,0,0,FAILURE,8.67019E+11
e4:b3:18:9f:c0:b3,1496405422241729,0,0,0,0,0,0,0,0,FAILURE,8.67019E+11
44:85:00:c5:69:d5,1496405422102290,82,0,0,0,0,2086,0,0,SUCCESS,8.67019E+11
44:85:00:c5:67:3c,1496405422241720,0,0,0,0,0,0,0,0,FAILURE,8.67019E+11
e4:b3:18:9f:bf:b4,1496405422818031,0,0,0,0,0,0,0,0,FAILURE,8.67019E+11
44:85:00:c5:6c:19,1496405422818025,0,0,0,0,0,0,0,0,FAILURE,8.67019E+11
44:85:00:c5:69:a8,1496405422818021,0,0,0,0,0,0,0,0,FAILURE,8.67019E+11
44:85:00:c5:67:37,1496405422818051,0,0,0,0,0,0,0,0,FAILURE,8.67019E+11
e4:b3:18:9f:c1:4e,1496405422818012,0,0,0,0,0,0,0,0,FAILURE,8.67019E+11
e4:b3:18:9f:c1:99,1496405422982104,0,0,0,0,0,0,0,0,FAILURE,8.67019E+11
e4:b3:18:9f:bf:af,1496405423564789,0,0,0,0,0,0,0,0,FAILURE,8.6702E+11
e4:b3:18:9f:c0:36,1496405423564787,0,0,0,0,0,0,0,0,FAILURE,8.6702E+11
e4:b3:18:9f:bf:96,1496405423519172,61,0,0,0,0,-6309,0,0,SUCCESS,8.6702E+11
e4:b3:18:9f:c1:8f,1496405423531471,78,0,0,0,0,3156,0,0,SUCCESS,8.6702E+11
e4:b3:18:9f:c0:04,1496405423543555,61,0,0,0,0,963,0,0,SUCCESS,8.6702E+11
e4:b3:18:9f:c0:18,1496405423602879,65,0,0,0,0,1384,0,0,SUCCESS,8.6702E+11
e4:b3:18:9f:bf:87,1496405423615430,81,0,0,0,0,1015,0,0,SUCCESS,8.6702E+11
e4:b3:18:9f:c0:b3,1496405423907770,0,0,0,0,0,0,0,0,FAILURE,8.6702E+11
44:85:00:c5:69:d5,1496405423767816,79,0,0,0,0,2191,0,0,SUCCESS,8.6702E+11
44:85:00:c5:67:3c,1496405423907768,0,0,0,0,0,0,0,0,FAILURE,8.6702E+11
e4:b3:18:9f:bf:b4,1496405424588129,0,0,0,0,0,0,0,0,FAILURE,8.67021E+11
44:85:00:c5:6c:19,1496405424588124,0,0,0,0,0,0,0,0,FAILURE,8.67021E+11
44:85:00:c5:69:a8,1496405424588155,0,0,0,0,0,0,0,0,FAILURE,8.67021E+11
44:85:00:c5:67:37,1496405424588113,0,0,0,0,0,0,0,0,FAILURE,8.67021E+11
e4:b3:18:9f:c1:4e,1496405424588146,0,0,0,0,0,0,0,0,FAILURE,8.67021E+11
e4:b3:18:9f:c1:99,1496405424752596,0,0,0,0,0,0,0,0,FAILURE,8.67021E+11
e4:b3:18:9f:bf:af,1496405425212566,0,0,0,0,0,0,0,0,FAILURE,8.67022E+11
e4:b3:18:9f:c0:36,1496405425163634,85,0,0,0,0,1186,0,0,SUCCESS,8.67022E+11
e4:b3:18:9f:bf:96,1496405425175951,51,0,0,0,0,254,0,0,SUCCESS,8.67022E+11
e4:b3:18:9f:c1:8f,1496405425188663,77,0,0,0,0,3210,0,0,SUCCESS,8.67022E+11
e4:b3:18:9f:c0:04,1496405425200964,60,0,0,0,0,853,0,0,SUCCESS,8.67022E+11
e4:b3:18:9f:c0:18,1496405425262261,65,0,0,0,0,1349,0,0,SUCCESS,8.67022E+11
e4:b3:18:9f:bf:87,1496405425286092,79,0,0,0,0,1059,0,0,SUCCESS,8.67022E+11
e4:b3:18:9f:c0:b3,1496405425567046,0,0,0,0,0,0,0,0,FAILURE,8.67022E+11
44:85:00:c5:69:d5,1496405425427235,80,0,0,0,0,2070,0,0,SUCCESS,8.67022E+11
44:85:00:c5:67:3c,1496405425567034,0,0,0,0,0,0,0,0,FAILURE,8.67022E+11
e4:b3:18:9f:bf:b4,1496405426243819,0,0,0,0,0,0,0,0,FAILURE,8.67023E+11
44:85:00:c5:6c:19,1496405426243814,0,0,0,0,0,0,0,0,FAILURE,8.67023E+11
44:85:00:c5:69:a8,1496405426243856,0,0,0,0,0,0,0,0,FAILURE,8.67023E+11
44:85:00:c5:67:37,1496405426243805,0,0,0,0,0,0,0,0,FAILURE,8.67023E+11
e4:b3:18:9f:c1:4e,1496405426243799,0,0,0,0,0,0,0,0,FAILURE,8.67023E+11
e4:b3:18:9f:c1:99,1496405426406278,0,0,0,0,0,0,0,0,FAILURE,8.67023E+11
e4:b3:18:9f:bf:af,1496405426696918,86,0,0,0,0,948,0,0,SUCCESS,8.67023E+11
e4:b3:18:9f:c0:36,1496405426874715,0,0,0,0,0,0,0,0,FAILURE,8.67023E+11
e4:b3:18:9f:bf:96,1496405426838561,59,0,0,0,0,335,0,0,SUCCESS,8.67023E+11
e4:b3:18:9f:c1:8f,1496405426850980,79,0,0,0,0,3168,0,0,SUCCESS,8.67023E+11
e4:b3:18:9f:c0:04,1496405426863182,59,0,0,0,0,935,0,0,SUCCESS,8.67023E+11
e4:b3:18:9f:c0:18,1496405426914862,65,0,0,0,0,1306,0,0,SUCCESS,8.67023E+11
e4:b3:18:9f:bf:87,1496405426927062,80,0,0,0,0,971,0,0,SUCCESS,8.67023E+11
e4:b3:18:9f:c0:b3,1496405427211393,0,0,0,0,0,0,0,0,FAILURE,8.67024E+11
44:85:00:c5:69:d5,1496405427069932,79,0,0,0,0,2071,0,0,SUCCESS,8.67024E+11
44:85:00:c5:67:3c,1496405427211382,0,0,0,0,0,0,0,0,FAILURE,8.67024E+11
e4:b3:18:9f:bf:b4,1496405427889247,0,0,0,0,0,0,0,0,FAILURE,8.67024E+11
44:85:00:c5:6c:19,1496405427889186,0,0,0,0,0,0,0,0,FAILURE,8.67024E+11
44:85:00:c5:69:a8,1496405427889184,0,0,0,0,0,0,0,0,FAILURE,8.67024E+11
44:85:00:c5:67:37,1496405427889176,0,0,0,0,0,0,0,0,FAILURE,8.67024E+11
e4:b3:18:9f:c1:4e,1496405427889176,0,0,0,0,0,0,0,0,FAILURE,8.67024E+11
e4:b3:18:9f:c1:99,1496405428054925,0,0,0,0,0,0,0,0,FAILURE,8.67025E+11
e4:b3:18:9f:bf:af,1496405428337462,83,0,0,0,0,1125,0,0,SUCCESS,8.67025E+11
e4:b3:18:9f:c0:36,1496405428519236,0,0,0,0,0,0,0,0,FAILURE,8.67025E+11
e4:b3:18:9f:bf:96,1496405428477462,52,0,0,0,0,249,0,0,SUCCESS,8.67025E+11
e4:b3:18:9f:c1:8f,1496405428489889,77,0,0,0,0,3240,0,0,SUCCESS,8.67025E+11
e4:b3:18:9f:c0:04,1496405428507801,70,0,0,0,0,1005,0,0,SUCCESS,8.67025E+11
e4:b3:18:9f:c0:18,1496405428557895,58,0,0,0,0,1454,0,0,SUCCESS,8.67025E+11
e4:b3:18:9f:bf:87,1496405428570694,82,0,0,0,0,950,0,0,SUCCESS,8.67025E+11
e4:b3:18:9f:c0:b3,1496405428860078,0,0,0,0,0,0,0,0,FAILURE,8.67025E+11
44:85:00:c5:69:d5,1496405428719904,77,0,0,0,0,2088,0,0,SUCCESS,8.67025E+11
44:85:00:c5:67:3c,1496405428860025,0,0,0,0,0,0,0,0,FAILURE,8.67025E+11
e4:b3:18:9f:bf:b4,1496405429539807,0,0,0,0,0,0,0,0,FAILURE,8.67026E+11
44:85:00:c5:6c:19,1496405429539804,0,0,0,0,0,0,0,0,FAILURE,8.67026E+11
44:85:00:c5:69:a8,1496405429539798,0,0,0,0,0,0,0,0,FAILURE,8.67026E+11
44:85:00:c5:67:37,1496405429539794,0,0,0,0,0,0,0,0,FAILURE,8.67026E+11
e4:b3:18:9f:c1:4e,1496405429539786,0,0,0,0,0,0,0,0,FAILURE,8.67026E+11
e4:b3:18:9f:c1:99,1496405429706496,0,0,0,0,0,0,0,0,FAILURE,8.67026E+11
e4:b3:18:9f:bf:af,1496405430076943,0,0,0,0,0,0,0,0,FAILURE,8.67027E+11
e4:b3:18:9f:c0:36,1496405430025264,80,0,0,0,0,826,0,0,SUCCESS,8.67027E+11
e4:b3:18:9f:bf:96,1496405430037888,56,0,0,0,0,247,0,0,SUCCESS,8.67027E+11
e4:b3:18:9f:c1:8f,1496405430050463,82,0,0,0,0,2993,0,0,SUCCESS,8.67027E+11
e4:b3:18:9f:c0:04,1496405430065767,67,0,0,0,0,977,0,0,SUCCESS,8.67027E+11
e4:b3:18:9f:c0:18,1496405430118503,63,0,0,0,0,1452,0,0,SUCCESS,8.67027E+11
e4:b3:18:9f:bf:87,1496405430131001,82,0,0,0,0,1017,0,0,SUCCESS,8.67027E+11
e4:b3:18:9f:c0:b3,1496405430412497,0,0,0,0,0,0,0,0,FAILURE,8.67027E+11
44:85:00:c5:69:d5,1496405430272745,83,0,0,0,0,1945,0,0,SUCCESS,8.67027E+11
44:85:00:c5:67:3c,1496405430412430,0,0,0,0,0,0,0,0,FAILURE,8.67027E+11
e4:b3:18:9f:bf:b4,1496405431091222,0,0,0,0,0,0,0,0,FAILURE,8.67028E+11
44:85:00:c5:6c:19,1496405431091217,0,0,0,0,0,0,0,0,FAILURE,8.67028E+11
44:85:00:c5:69:a8,1496405431091213,0,0,0,0,0,0,0,0,FAILURE,8.67028E+11
44:85:00:c5:67:37,1496405431091204,0,0,0,0,0,0,0,0,FAILURE,8.67028E+11
e4:b3:18:9f:c1:4e,1496405431091202,0,0,0,0,0,0,0,0,FAILURE,8.67028E+11
e4:b3:18:9f:c1:99,1496405431254981,0,0,0,0,0,0,0,0,FAILURE,8.67028E+11
e4:b3:18:9f:bf:af,1496405431537282,84,0,0,0,0,719,0,0,SUCCESS,8.67028E+11
e4:b3:18:9f:c0:36,1496405431550114,83,0,0,0,0,1046,0,0,SUCCESS,8.67028E+11
e4:b3:18:9f:bf:96,1496405431562494,52,0,0,0,0,284,0,0,SUCCESS,8.67028E+11
e4:b3:18:9f:c1:8f,1496405431574863,81,0,0,0,0,3120,0,0,SUCCESS,8.67028E+11
e4:b3:18:9f:c0:04,1496405431587215,65,0,0,0,0,930,0,0,SUCCESS,8.67028E+11
e4:b3:18:9f:c0:18,1496405431639913,63,0,0,0,0,1496,0,0,SUCCESS,8.67028E+11
e4:b3:18:9f:bf:87,1496405431652449,81,0,0,0,0,987,0,0,SUCCESS,8.67028E+11
e4:b3:18:9f:c0:b3,1496405431932982,0,0,0,0,0,0,0,0,FAILURE,8.67028E+11
44:85:00:c5:69:d5,1496405431793462,81,0,0,0,0,2072,0,0,SUCCESS,8.67028E+11
44:85:00:c5:67:3c,1496405431932973,0,0,0,0,0,0,0,0,FAILURE,8.67028E+11
e4:b3:18:9f:bf:b4,1496405432616293,0,0,0,0,0,0,0,0,FAILURE,8.67029E+11
44:85:00:c5:6c:19,1496405432616288,0,0,0,0,0,0,0,0,FAILURE,8.67029E+11
44:85:00:c5:69:a8,1496405432616329,0,0,0,0,0,0,0,0,FAILURE,8.67029E+11
44:85:00:c5:67:37,1496405432616277,0,0,0,0,0,0,0,0,FAILURE,8.67029E+11
e4:b3:18:9f:c1:4e,1496405432616293,0,0,0,0,0,0,0,0,FAILURE,8.67029E+11
e4:b3:18:9f:c1:99,1496405432781002,0,0,0,0,0,0,0,0,FAILURE,8.67029E+11
e4:b3:18:9f:bf:af,1496405433062126,85,0,0,0,0,1296,0,0,SUCCESS,8.6703E+11
e4:b3:18:9f:c0:36,1496405433093168,83,0,0,0,0,767,0,0,SUCCESS,8.6703E+11
e4:b3:18:9f:bf:96,1496405433114221,57,0,0,0,0,237,0,0,SUCCESS,8.6703E+11
e4:b3:18:9f:c1:8f,1496405433155689,75,0,0,0,0,3060,0,0,SUCCESS,8.6703E+11
e4:b3:18:9f:c0:04,1496405433168038,61,0,0,0,0,1087,0,0,SUCCESS,8.6703E+11
e4:b3:18:9f:c0:18,1496405433220065,64,0,0,0,0,1433,0,0,SUCCESS,8.6703E+11
e4:b3:18:9f:bf:87,1496405433232254,80,0,0,0,0,1092,0,0,SUCCESS,8.6703E+11
e4:b3:18:9f:c0:b3,1496405433512907,0,0,0,0,0,0,0,0,FAILURE,8.6703E+11
44:85:00:c5:69:d5,1496405433372888,77,0,0,0,0,1758,0,0,SUCCESS,8.6703E+11
44:85:00:c5:67:3c,1496405433512904,0,0,0,0,0,0,0,0,FAILURE,8.6703E+11
e4:b3:18:9f:bf:b4,1496405434192822,0,0,0,0,0,0,0,0,FAILURE,8.67031E+11
44:85:00:c5:6c:19,1496405434192820,0,0,0,0,0,0,0,0,FAILURE,8.67031E+11
44:85:00:c5:69:a8,1496405434192822,0,0,0,0,0,0,0,0,FAILURE,8.67031E+11
44:85:00:c5:67:37,1496405434192811,0,0,0,0,0,0,0,0,FAILURE,8.67031E+11
e4:b3:18:9f:c1:4e,1496405434192823,0,0,0,0,0,0,0,0,FAILURE,8.67031E+11
e4:b3:18:9f:c1:99,1496405434356228,0,0,0,0,0,0,0,0,FAILURE,8.67031E+11
e4:b3:18:9f:bf:af,1496405434639462,83,0,0,0,0,1070,0,0,SUCCESS,8.67031E+11
e4:b3:18:9f:c0:36,1496405434652818,79,0,0,0,0,718,0,0,SUCCESS,8.67031E+11
e4:b3:18:9f:bf:96,1496405434665216,55,0,0,0,0,300,0,0,SUCCESS,8.67031E+11
e4:b3:18:9f:c1:8f,1496405434677225,72,0,0,0,0,3066,0,0,SUCCESS,8.67031E+11
e4:b3:18:9f:c0:04,1496405434689504,61,0,0,0,0,1086,0,0,SUCCESS,8.67031E+11
e4:b3:18:9f:c0:18,1496405434741804,65,0,0,0,0,1403,0,0,SUCCESS,8.67031E+11
e4:b3:18:9f:bf:87,1496405434755332,75,0,0,0,0,1035,0,0,SUCCESS,8.67031E+11
e4:b3:18:9f:c0:b3,1496405434921876,0,0,0,0,0,0,0,0,FAILURE,8.67031E+11
44:85:00:c5:69:d5,1496405434895579,78,0,0,0,0,1852,0,0,SUCCESS,8.67031E+11
44:85:00:c5:67:3c,1496405434910400,84,0,0,0,0,1685,0,0,SUCCESS,8.67031E+11
e4:b3:18:9f:bf:b4,1496405435602489,0,0,0,0,0,0,0,0,FAILURE,8.67032E+11
44:85:00:c5:6c:19,1496405435602538,0,0,0,0,0,0,0,0,FAILURE,8.67032E+11
44:85:00:c5:69:a8,1496405435602481,0,0,0,0,0,0,0,0,FAILURE,8.67032E+11
44:85:00:c5:67:37,1496405435602477,0,0,0,0,0,0,0,0,FAILURE,8.67032E+11
e4:b3:18:9f:c1:4e,1496405435602474,0,0,0,0,0,0,0,0,FAILURE,8.67032E+11
e4:b3:18:9f:c1:99,1496405435768937,0,0,0,0,0,0,0,0,FAILURE,8.67032E+11
e4:b3:18:9f:bf:af,1496405436050542,85,0,0,0,0,875,0,0,SUCCESS,8.67033E+11
e4:b3:18:9f:c0:36,1496405436063495,80,0,0,0,0,866,0,0,SUCCESS,8.67033E+11
e4:b3:18:9f:bf:96,1496405436096444,51,0,0,0,0,223,0,0,SUCCESS,8.67033E+11
e4:b3:18:9f:c1:8f,1496405436108951,78,0,0,0,0,3243,0,0,SUCCESS,8.67033E+11
e4:b3:18:9f:c0:04,1496405436138434,61,0,0,0,0,1097,0,0,SUCCESS,8.67033E+11
e4:b3:18:9f:c0:18,1496405436192185,63,0,0,0,0,1478,0,0,SUCCESS,8.67033E+11
e4:b3:18:9f:bf:87,1496405436204584,80,0,0,0,0,1057,0,0,SUCCESS,8.67033E+11
e4:b3:18:9f:c0:b3,1496405436499613,0,0,0,0,0,0,0,0,FAILURE,8.67033E+11
44:85:00:c5:69:d5,1496405436359591,76,0,0,0,0,1951,0,0,SUCCESS,8.67033E+11
44:85:00:c5:67:3c,1496405436499607,0,0,0,0,0,0,0,0,FAILURE,8.67033E+11
e4:b3:18:9f:bf:b4,1496405437180191,0,0,0,0,0,0,0,0,FAILURE,8.67034E+11
44:85:00:c5:6c:19,1496405437180189,0,0,0,0,0,0,0,0,FAILURE,8.67034E+11
44:85:00:c5:69:a8,1496405437180216,0,0,0,0,0,0,0,0,FAILURE,8.67034E+11
44:85:00:c5:67:37,1496405437180180,0,0,0,0,0,0,0,0,FAILURE,8.67034E+11
e4:b3:18:9f:c1:4e,1496405437180177,0,0,0,0,0,0,0,0,FAILURE,8.67034E+11
e4:b3:18:9f:c1:99,1496405437345480,0,0,0,0,0,0,0,0,FAILURE,8.67034E+11
e4:b3:18:9f:bf:af,1496405437637372,84,0,0,0,0,1260,0,0,SUCCESS,8.67034E+11
e4:b3:18:9f:c0:36,1496405437658816,80,0,0,0,0,767,0,0,SUCCESS,8.67034E+11
e4:b3:18:9f:bf:96,1496405437671014,54,0,0,0,0,284,0,0,SUCCESS,8.67034E+11
e4:b3:18:9f:c1:8f,1496405437683571,79,0,0,0,0,3021,0,0,SUCCESS,8.67034E+11
e4:b3:18:9f:c0:04,1496405437697301,67,0,0,0,0,1221,0,0,SUCCESS,8.67034E+11
e4:b3:18:9f:c0:18,1496405437742218,66,0,0,0,0,1530,0,0,SUCCESS,8.67034E+11
e4:b3:18:9f:bf:87,1496405437755266,80,0,0,0,0,1130,0,0,SUCCESS,8.67034E+11
e4:b3:18:9f:c0:b3,1496405438036204,0,0,0,0,0,0,0,0,FAILURE,8.67035E+11
44:85:00:c5:69:d5,1496405437896017,78,0,0,0,0,2060,0,0,SUCCESS,8.67034E+11
44:85:00:c5:67:3c,1496405438036163,0,0,0,0,0,0,0,0,FAILURE,8.67035E+11
e4:b3:18:9f:bf:b4,1496405438718750,0,0,0,0,0,0,0,0,FAILURE,8.67035E+11
44:85:00:c5:6c:19,1496405438718797,0,0,0,0,0,0,0,0,FAILURE,8.67035E+11
44:85:00:c5:69:a8,1496405438718743,0,0,0,0,0,0,0,0,FAILURE,8.67035E+11
44:85:00:c5:67:37,1496405438718735,0,0,0,0,0,0,0,0,FAILURE,8.67035E+11
e4:b3:18:9f:c1:4e,1496405438718730,0,0,0,0,0,0,0,0,FAILURE,8.67035E+11
e4:b3:18:9f:c1:99,1496405438883098,0,0,0,0,0,0,0,0,FAILURE,8.67035E+11
e4:b3:18:9f:bf:af,1496405439166385,81,0,0,0,0,1082,0,0,SUCCESS,8.67036E+11
e4:b3:18:9f:c0:36,1496405439178800,83,0,0,0,0,703,0,0,SUCCESS,8.67036E+11
e4:b3:18:9f:bf:96,1496405439191950,54,0,0,0,0,205,0,0,SUCCESS,8.67036E+11
e4:b3:18:9f:c1:8f,1496405439204097,78,0,0,0,0,3154,0,0,SUCCESS,8.67036E+11
e4:b3:18:9f:c0:04,1496405439222490,62,0,0,0,0,1195,0,0,SUCCESS,8.67036E+11
e4:b3:18:9f:c0:18,1496405439274189,66,0,0,0,0,1541,0,0,SUCCESS,8.67036E+11
e4:b3:18:9f:bf:87,1496405439286973,81,0,0,0,0,1073,0,0,SUCCESS,8.67036E+11
e4:b3:18:9f:c0:b3,1496405439464180,0,0,0,0,0,0,0,0,FAILURE,8.67036E+11
44:85:00:c5:69:d5,1496405439427868,77,0,0,0,0,1936,0,0,SUCCESS,8.67036E+11
44:85:00:c5:67:3c,1496405439451448,82,0,0,0,0,1798,0,0,SUCCESS,8.67036E+11
e4:b3:18:9f:bf:b4,1496405440142331,0,0,0,0,0,0,0,0,FAILURE,8.67037E+11
44:85:00:c5:6c:19,1496405440142383,0,0,0,0,0,0,0,0,FAILURE,8.67037E+11
44:85:00:c5:69:a8,1496405440142320,0,0,0,0,0,0,0,0,FAILURE,8.67037E+11
44:85:00:c5:67:37,1496405440142317,0,0,0,0,0,0,0,0,FAILURE,8.67037E+11
e4:b3:18:9f:c1:4e,1496405440142310,0,0,0,0,0,0,0,0,FAILURE,8.67037E+11
e4:b3:18:9f:c1:99,1496405440306969,0,0,0,0,0,0,0,0,FAILURE,8.67037E+11
e4:b3:18:9f:bf:af,1496405440588156,84,0,0,0,0,1169,0,0,SUCCESS,8.67037E+11
e4:b3:18:9f:c0:36,1496405440601565,78,0,0,0,0,653,0,0,SUCCESS,8.67037E+11
e4:b3:18:9f:bf:96,1496405440614382,54,0,0,0,0,177,0,0,SUCCESS,8.67037E+11
e4:b3:18:9f:c1:8f,1496405440626695,78,0,0,0,0,2986,0,0,SUCCESS,8.67037E+11
e4:b3:18:9f:c0:04,1496405440639619,61,0,0,0,0,1183,0,0,SUCCESS,8.67037E+11
e4:b3:18:9f:c0:18,1496405440691302,62,0,0,0,0,1502,0,0,SUCCESS,8.67037E+11
e4:b3:18:9f:bf:87,1496405440704065,83,0,0,0,0,1013,0,0,SUCCESS,8.67037E+11
e4:b3:18:9f:c0:b3,1496405440869868,0,0,0,0,0,0,0,0,FAILURE,8.67037E+11
44:85:00:c5:69:d5,1496405440845114,75,0,0,0,0,1869,0,0,SUCCESS,8.67037E+11
44:85:00:c5:67:3c,1496405440858063,83,0,0,0,0,1658,0,0,SUCCESS,8.67037E+11
e4:b3:18:9f:bf:b4,1496405441548344,0,0,0,0,0,0,0,0,FAILURE,8.67038E+11
44:85:00:c5:6c:19,1496405441548348,0,0,0,0,0,0,0,0,FAILURE,8.67038E+11
44:85:00:c5:69:a8,1496405441548338,0,0,0,0,0,0,0,0,FAILURE,8.67038E+11
44:85:00:c5:67:37,1496405441548335,0,0,0,0,0,0,0,0,FAILURE,8.67038E+11
e4:b3:18:9f:c1:4e,1496405441548331,0,0,0,0,0,0,0,0,FAILURE,8.67038E+11
e4:b3:18:9f:c1:99,1496405441713253,0,0,0,0,0,0,0,0,FAILURE,8.67038E+11
e4:b3:18:9f:bf:af,1496405441995154,81,0,0,0,0,937,0,0,SUCCESS,8.67039E+11
e4:b3:18:9f:c0:36,1496405442007638,76,0,0,0,0,551,0,0,SUCCESS,8.67039E+11
e4:b3:18:9f:bf:96,1496405442020188,56,0,0,0,0,239,0,0,SUCCESS,8.67039E+11
e4:b3:18:9f:c1:8f,1496405442043998,79,0,0,0,0,3044,0,0,SUCCESS,8.67039E+11
e4:b3:18:9f:c0:04,1496405442061219,64,0,0,0,0,1215,0,0,SUCCESS,8.67039E+11
e4:b3:18:9f:c0:18,1496405442125444,69,0,0,0,0,1536,0,0,SUCCESS,8.67039E+11
e4:b3:18:9f:bf:87,1496405442137914,77,0,0,0,0,843,0,0,SUCCESS,8.67039E+11
e4:b3:18:9f:c0:b3,1496405442301986,0,0,0,0,0,0,0,0,FAILURE,8.67039E+11
44:85:00:c5:69:d5,1496405442278371,73,0,0,0,0,1979,0,0,SUCCESS,8.67039E+11
44:85:00:c5:67:3c,1496405442290621,81,0,0,0,0,1603,0,0,SUCCESS,8.67039E+11
e4:b3:18:9f:bf:b4,1496405442982909,0,0,0,0,0,0,0,0,FAILURE,8.67039E+11
44:85:00:c5:6c:19,1496405442982905,0,0,0,0,0,0,0,0,FAILURE,8.67039E+11
44:85:00:c5:69:a8,1496405442982899,0,0,0,0,0,0,0,0,FAILURE,8.67039E+11
44:85:00:c5:67:37,1496405442982894,0,0,0,0,0,0,0,0,FAILURE,8.67039E+11
e4:b3:18:9f:c1:4e,1496405442982950,0,0,0,0,0,0,0,0,FAILURE,8.67039E+11
e4:b3:18:9f:c1:99,1496405443150906,0,0,0,0,0,0,0,0,FAILURE,8.6704E+11
e4:b3:18:9f:bf:af,1496405443432921,82,0,0,0,0,1046,0,0,SUCCESS,8.6704E+11
e4:b3:18:9f:c0:36,1496405443445868,77,0,0,0,0,641,0,0,SUCCESS,8.6704E+11
e4:b3:18:9f:bf:96,1496405443458115,65,0,0,0,0,288,0,0,SUCCESS,8.6704E+11
e4:b3:18:9f:c1:8f,1496405443470793,82,0,0,0,0,4383,0,0,SUCCESS,8.6704E+11
e4:b3:18:9f:c0:04,1496405443483641,64,0,0,0,0,1231,0,0,SUCCESS,8.6704E+11
e4:b3:18:9f:c0:18,1496405443534099,70,0,0,0,0,1524,0,0,SUCCESS,8.6704E+11
e4:b3:18:9f:bf:87,1496405443555922,78,0,0,0,0,900,0,0,SUCCESS,8.6704E+11
e4:b3:18:9f:c0:b3,1496405443731919,0,0,0,0,0,0,0,0,FAILURE,8.6704E+11
44:85:00:c5:69:d5,1496405443707224,78,0,0,0,0,1913,0,0,SUCCESS,8.6704E+11
44:85:00:c5:67:3c,1496405443719846,83,0,0,0,0,1692,0,0,SUCCESS,8.6704E+11
e4:b3:18:9f:bf:b4,1496405444413979,0,0,0,0,0,0,0,0,FAILURE,8.67041E+11
44:85:00:c5:6c:19,1496405444413974,0,0,0,0,0,0,0,0,FAILURE,8.67041E+11
44:85:00:c5:69:a8,1496405444413969,0,0,0,0,0,0,0,0,FAILURE,8.67041E+11
44:85:00:c5:67:37,1496405444413962,0,0,0,0,0,0,0,0,FAILURE,8.67041E+11
e4:b3:18:9f:c1:4e,1496405444413961,0,0,0,0,0,0,0,0,FAILURE,8.67041E+11
e4:b3:18:9f:c1:99,1496405444581793,0,0,0,0,0,0,0,0,FAILURE,8.67041E+11
e4:b3:18:9f:bf:af,1496405444860614,80,0,0,0,0,1024,0,0,SUCCESS,8.67041E+11
e4:b3:18:9f:c0:36,1496405444873631,77,0,0,0,0,462,0,0,SUCCESS,8.67041E+11
e4:b3:18:9f:bf:96,1496405444898418,53,0,0,0,0,280,0,0,SUCCESS,8.67041E+11
e4:b3:18:9f:c1:8f,1496405444919382,80,0,0,0,0,3264,0,0,SUCCESS,8.67041E+11
e4:b3:18:9f:c0:04,1496405444928793,63,0,0,0,0,1146,0,0,SUCCESS,8.67041E+11
e4:b3:18:9f:c0:18,1496405444980015,68,0,0,0,0,1599,0,0,SUCCESS,8.67041E+11
e4:b3:18:9f:bf:87,1496405445002256,80,0,0,0,0,902,0,0,SUCCESS,8.67042E+11
e4:b3:18:9f:c0:b3,1496405445304323,0,0,0,0,0,0,0,0,FAILURE,8.67042E+11
44:85:00:c5:69:d5,1496405445161980,75,0,0,0,0,1854,0,0,SUCCESS,8.67042E+11
44:85:00:c5:67:3c,1496405445304293,0,0,0,0,0,0,0,0,FAILURE,8.67042E+11
e4:b3:18:9f:bf:b4,1496405445883234,0,0,0,0,0,0,0,0,FAILURE,8.67042E+11
44:85:00:c5:6c:19,1496405445883227,0,0,0,0,0,0,0,0,FAILURE,8.67042E+11
44:85:00:c5:69:a8,1496405445883224,0,0,0,0,0,0,0,0,FAILURE,8.67042E+11
44:85:00:c5:67:37,1496405445883220,0,0,0,0,0,0,0,0,FAILURE,8.67042E+11
e4:b3:18:9f:c1:4e,1496405445883264,0,0,0,0,0,0,0,0,FAILURE,8.67042E+11
e4:b3:18:9f:c1:99,1496405446048797,0,0,0,0,0,0,0,0,FAILURE,8.67043E+11
e4:b3:18:9f:bf:af,1496405446349597,83,0,0,0,0,519,0,0,SUCCESS,8.67043E+11
e4:b3:18:9f:c0:36,1496405446388834,83,0,0,0,0,608,0,0,SUCCESS,8.67043E+11
e4:b3:18:9f:bf:96,1496405446401696,50,0,0,0,0,58,0,0,SUCCESS,8.67043E+11
e4:b3:18:9f:c1:8f,1496405446426785,81,0,0,0,0,3953,0,0,SUCCESS,8.67043E+11
e4:b3:18:9f:c0:04,1496405446443231,62,0,0,0,0,1290,0,0,SUCCESS,8.67043E+11
e4:b3:18:9f:c0:18,1496405446493846,68,0,0,0,0,1678,0,0,SUCCESS,8.67043E+11
e4:b3:18:9f:bf:87,1496405446506283,83,0,0,0,0,915,0,0,SUCCESS,8.67043E+11
e4:b3:18:9f:c0:b3,1496405446685505,0,0,0,0,0,0,0,0,FAILURE,8.67043E+11
44:85:00:c5:69:d5,1496405446649445,76,0,0,0,0,1658,0,0,SUCCESS,8.67043E+11
44:85:00:c5:67:3c,1496405446673694,83,0,0,0,0,1668,0,0,SUCCESS,8.67043E+11
e4:b3:18:9f:bf:b4,1496405447365160,0,0,0,0,0,0,0,0,FAILURE,8.67044E+11
44:85:00:c5:6c:19,1496405447365105,0,0,0,0,0,0,0,0,FAILURE,8.67044E+11
44:85:00:c5:69:a8,1496405447365102,0,0,0,0,0,0,0,0,FAILURE,8.67044E+11
44:85:00:c5:67:37,1496405447365094,0,0,0,0,0,0,0,0,FAILURE,8.67044E+11
e4:b3:18:9f:c1:4e,1496405447365092,0,0,0,0,0,0,0,0,FAILURE,8.67044E+11
e4:b3:18:9f:c1:99,1496405447530865,0,0,0,0,0,0,0,0,FAILURE,8.67044E+11
e4:b3:18:9f:bf:af,1496405447813209,80,0,0,0,0,985,0,0,SUCCESS,8.67044E+11
e4:b3:18:9f:c0:36,1496405447834683,80,0,0,0,0,600,0,0,SUCCESS,8.67044E+11
e4:b3:18:9f:bf:96,1496405447847589,47,0,0,0,0,254,0,0,SUCCESS,8.67044E+11
e4:b3:18:9f:c1:8f,1496405447876727,84,0,0,0,0,3107,0,0,SUCCESS,8.67044E+11
e4:b3:18:9f:c0:04,1496405447891361,63,0,0,0,0,1318,0,0,SUCCESS,8.67044E+11
e4:b3:18:9f:c0:18,1496405447944986,69,0,0,0,0,1748,0,0,SUCCESS,8.67044E+11
e4:b3:18:9f:bf:87,1496405447967250,80,0,0,0,0,912,0,0,SUCCESS,8.67044E+11
e4:b3:18:9f:c0:b3,1496405448247600,0,0,0,0,0,0,0,0,FAILURE,8.67045E+11
44:85:00:c5:69:d5,1496405448108019,76,0,0,0,0,1679,0,0,SUCCESS,8.67045E+11
44:85:00:c5:67:3c,1496405448247591,0,0,0,0,0,0,0,0,FAILURE,8.67045E+11
e4:b3:18:9f:bf:b4,1496405448928380,0,0,0,0,0,0,0,0,FAILURE,8.67045E+11
44:85:00:c5:6c:19,1496405448928376,0,0,0,0,0,0,0,0,FAILURE,8.67045E+11
44:85:00:c5:69:a8,1496405448928426,0,0,0,0,0,0,0,0,FAILURE,8.67045E+11
44:85:00:c5:67:37,1496405448928368,0,0,0,0,0,0,0,0,FAILURE,8.67045E+11
e4:b3:18:9f:c1:4e,1496405448928368,0,0,0,0,0,0,0,0,FAILURE,8.67045E+11
e4:b3:18:9f:c1:99,1496405449096398,0,0,0,0,0,0,0,0,FAILURE,8.67046E+11
e4:b3:18:9f:bf:af,1496405449380049,79,0,0,0,0,517,0,0,SUCCESS,8.67046E+11
e4:b3:18:9f:c0:36,1496405449392240,80,0,0,0,0,479,0,0,SUCCESS,8.67046E+11
e4:b3:18:9f:bf:96,1496405449405109,45,0,0,0,0,77,0,0,SUCCESS,8.67046E+11
e4:b3:18:9f:c1:8f,1496405449417468,82,0,0,0,0,3217,0,0,SUCCESS,8.67046E+11
e4:b3:18:9f:c0:04,1496405449429372,63,0,0,0,0,1193,0,0,SUCCESS,8.67046E+11
e4:b3:18:9f:c0:18,1496405449479292,71,0,0,0,0,1735,0,0,SUCCESS,8.67046E+11
e4:b3:18:9f:bf:87,1496405449492662,81,0,0,0,0,898,0,0,SUCCESS,8.67046E+11
e4:b3:18:9f:c0:b3,1496405449774765,0,0,0,0,0,0,0,0,FAILURE,8.67046E+11
44:85:00:c5:69:d5,1496405449635069,75,0,0,0,0,1764,0,0,SUCCESS,8.67046E+11
44:85:00:c5:67:3c,1496405449774753,0,0,0,0,0,0,0,0,FAILURE,8.67046E+11
e4:b3:18:9f:bf:b4,1496405450453608,0,0,0,0,0,0,0,0,FAILURE,8.67047E+11
44:85:00:c5:6c:19,1496405450453538,0,0,0,0,0,0,0,0,FAILURE,8.67047E+11
44:85:00:c5:69:a8,1496405450453531,0,0,0,0,0,0,0,0,FAILURE,8.67047E+11
44:85:00:c5:67:37,1496405450453577,0,0,0,0,0,0,0,0,FAILURE,8.67047E+11
e4:b3:18:9f:c1:4e,1496405450453526,0,0,0,0,0,0,0,0,FAILURE,8.67047E+11
e4:b3:18:9f:c1:99,1496405450620637,0,0,0,0,0,0,0,0,FAILURE,8.67047E+11
e4:b3:18:9f:bf:af,1496405450912558,80,0,0,0,0,1011,0,0,SUCCESS,8.67047E+11
e4:b3:18:9f:c0:36,1496405450925077,83,0,0,0,0,620,0,0,SUCCESS,8.67047E+11
e4:b3:18:9f:bf:96,1496405450948650,59,0,0,0,0,391,0,0,SUCCESS,8.67047E+11
e4:b3:18:9f:c1:8f,1496405450981452,84,0,0,0,0,2902,0,0,SUCCESS,8.67047E+11
e4:b3:18:9f:c0:04,1496405450996573,73,0,0,0,0,1423,0,0,SUCCESS,8.67048E+11
e4:b3:18:9f:c0:18,1496405451049067,71,0,0,0,0,1749,0,0,SUCCESS,8.67048E+11
e4:b3:18:9f:bf:87,1496405451061346,79,0,0,0,0,844,0,0,SUCCESS,8.67048E+11
e4:b3:18:9f:c0:b3,1496405451341282,0,0,0,0,0,0,0,0,FAILURE,8.67048E+11
44:85:00:c5:69:d5,1496405451201699,72,0,0,0,0,1766,0,0,SUCCESS,8.67048E+11
44:85:00:c5:67:3c,1496405451341276,0,0,0,0,0,0,0,0,FAILURE,8.67048E+11
e4:b3:18:9f:bf:b4,1496405452019976,0,0,0,0,0,0,0,0,FAILURE,8.67049E+11
44:85:00:c5:6c:19,1496405452019975,0,0,0,0,0,0,0,0,FAILURE,8.67049E+11
44:85:00:c5:69:a8,1496405452020016,0,0,0,0,0,0,0,0,FAILURE,8.67049E+11
44:85:00:c5:67:37,1496405452019961,0,0,0,0,0,0,0,0,FAILURE,8.67049E+11
e4:b3:18:9f:c1:4e,1496405452019971,0,0,0,0,0,0,0,0,FAILURE,8.67049E+11
e4:b3:18:9f:c1:99,1496405452183328,0,0,0,0,0,0,0,0,FAILURE,8.67049E+11
e4:b3:18:9f:bf:af,1496405452465380,83,0,0,0,0,884,0,0,SUCCESS,8.67049E+11
e4:b3:18:9f:c0:36,1496405452490478,78,0,0,0,0,580,0,0,SUCCESS,8.67049E+11
e4:b3:18:9f:bf:96,1496405452502341,59,0,0,0,0,284,0,0,SUCCESS,8.67049E+11
e4:b3:18:9f:c1:8f,1496405452555594,0,0,0,0,0,0,0,0,FAILURE,8.67049E+11
e4:b3:18:9f:c0:04,1496405452543233,71,0,0,0,0,1352,0,0,SUCCESS,8.67049E+11
e4:b3:18:9f:c0:18,1496405452595892,75,0,0,0,0,1722,0,0,SUCCESS,8.67049E+11
e4:b3:18:9f:bf:87,1496405452608373,78,0,0,0,0,819,0,0,SUCCESS,8.67049E+11
e4:b3:18:9f:c0:b3,1496405452888639,0,0,0,0,0,0,0,0,FAILURE,8.67049E+11
44:85:00:c5:69:d5,1496405452748756,76,0,0,0,0,1889,0,0,SUCCESS,8.67049E+11
44:85:00:c5:67:3c,1496405452888584,0,0,0,0,0,0,0,0,FAILURE,8.67049E+11
e4:b3:18:9f:bf:b4,1496405453569431,0,0,0,0,0,0,0,0,FAILURE,8.6705E+11
44:85:00:c5:6c:19,1496405453569371,0,0,0,0,0,0,0,0,FAILURE,8.6705E+11
44:85:00:c5:69:a8,1496405453569368,0,0,0,0,0,0,0,0,FAILURE,8.6705E+11
44:85:00:c5:67:37,1496405453569398,0,0,0,0,0,0,0,0,FAILURE,8.6705E+11
e4:b3:18:9f:c1:4e,1496405453569360,0,0,0,0,0,0,0,0,FAILURE,8.6705E+11
e4:b3:18:9f:c1:99,1496405453733979,0,0,0,0,0,0,0,0,FAILURE,8.6705E+11
e4:b3:18:9f:bf:af,1496405454014541,82,0,0,0,0,797,0,0,SUCCESS,8.67051E+11
e4:b3:18:9f:c0:36,1496405454027717,80,0,0,0,0,340,0,0,SUCCESS,8.67051E+11
e4:b3:18:9f:bf:96,1496405454040699,59,0,0,0,0,375,0,0,SUCCESS,8.67051E+11
e4:b3:18:9f:c1:8f,1496405454192843,0,0,0,0,0,0,0,0,FAILURE,8.67051E+11
e4:b3:18:9f:c0:04,1496405454181138,71,0,0,0,0,1316,0,0,SUCCESS,8.67051E+11
e4:b3:18:9f:c0:18,1496405454232300,77,0,0,0,0,1763,0,0,SUCCESS,8.67051E+11
e4:b3:18:9f:bf:87,1496405454245024,78,0,0,0,0,841,0,0,SUCCESS,8.67051E+11
e4:b3:18:9f:c0:b3,1496405454525485,0,0,0,0,0,0,0,0,FAILURE,8.67051E+11
44:85:00:c5:69:d5,1496405454385551,77,0,0,0,0,1589,0,0,SUCCESS,8.67051E+11
44:85:00:c5:67:3c,1496405454525479,0,0,0,0,0,0,0,0,FAILURE,8.67051E+11
e4:b3:18:9f:bf:b4,1496405455203217,0,0,0,0,0,0,0,0,FAILURE,8.67052E+11
44:85:00:c5:6c:19,1496405455203214,0,0,0,0,0,0,0,0,FAILURE,8.67052E+11
44:85:00:c5:69:a8,1496405455203209,0,0,0,0,0,0,0,0,FAILURE,8.67052E+11
44:85:00:c5:67:37,1496405455203204,0,0,0,0,0,0,0,0,FAILURE,8.67052E+11
e4:b3:18:9f:c1:4e,1496405455203239,0,0,0,0,0,0,0,0,FAILURE,8.67052E+11
e4:b3:18:9f:c1:99,1496405455368204,0,0,0,0,0,0,0,0,FAILURE,8.67052E+11
e4:b3:18:9f:bf:af,1496405455655740,81,0,0,0,0,895,0,0,SUCCESS,8.67052E+11
e4:b3:18:9f:c0:36,1496405455670322,77,0,0,0,0,427,0,0,SUCCESS,8.67052E+11
e4:b3:18:9f:bf:96,1496405455682773,56,0,0,0,0,255,0,0,SUCCESS,8.67052E+11
e4:b3:18:9f:c1:8f,1496405455695065,86,0,0,0,0,2787,0,0,SUCCESS,8.67052E+11
e4:b3:18:9f:c0:04,1496405455707532,70,0,0,0,0,1420,0,0,SUCCESS,8.67052E+11
e4:b3:18:9f:c0:18,1496405455757962,69,0,0,0,0,1646,0,0,SUCCESS,8.67052E+11
e4:b3:18:9f:bf:87,1496405455770052,76,0,0,0,0,808,0,0,SUCCESS,8.67052E+11
e4:b3:18:9f:c0:b3,1496405456061654,0,0,0,0,0,0,0,0,FAILURE,8.67053E+11
44:85:00:c5:69:d5,1496405455921582,83,0,0,0,0,1926,0,0,SUCCESS,8.67052E+11
44:85:00:c5:67:3c,1496405456061644,0,0,0,0,0,0,0,0,FAILURE,8.67053E+11
e4:b3:18:9f:bf:b4,1496405456740110,0,0,0,0,0,0,0,0,FAILURE,8.67053E+11
44:85:00:c5:6c:19,1496405456740108,0,0,0,0,0,0,0,0,FAILURE,8.67053E+11
44:85:00:c5:69:a8,1496405456740145,0,0,0,0,0,0,0,0,FAILURE,8.67053E+11
44:85:00:c5:67:37,1496405456740098,0,0,0,0,0,0,0,0,FAILURE,8.67053E+11
e4:b3:18:9f:c1:4e,1496405456740097,0,0,0,0,0,0,0,0,FAILURE,8.67053E+11
e4:b3:18:9f:c1:99,1496405456905772,0,0,0,0,0,0,0,0,FAILURE,8.67053E+11
e4:b3:18:9f:bf:af,1496405457368721,0,0,0,0,0,0,0,0,FAILURE,8.67054E+11
e4:b3:18:9f:c0:36,1496405457316972,84,0,0,0,0,388,0,0,SUCCESS,8.67054E+11
e4:b3:18:9f:bf:96,1496405457329483,56,0,0,0,0,269,0,0,SUCCESS,8.67054E+11
e4:b3:18:9f:c1:8f,1496405457341737,80,0,0,0,0,3295,0,0,SUCCESS,8.67054E+11
e4:b3:18:9f:c0:04,1496405457356686,79,0,0,0,0,1474,0,0,SUCCESS,8.67054E+11
e4:b3:18:9f:c0:18,1496405457407461,73,0,0,0,0,1619,0,0,SUCCESS,8.67054E+11
e4:b3:18:9f:bf:87,1496405457420928,84,0,0,0,0,974,0,0,SUCCESS,8.67054E+11
e4:b3:18:9f:c0:b3,1496405457700696,0,0,0,0,0,0,0,0,FAILURE,8.67054E+11
44:85:00:c5:69:d5,1496405457561325,80,0,0,0,0,1468,0,0,SUCCESS,8.67054E+11
44:85:00:c5:67:3c,1496405457700687,0,0,0,0,0,0,0,0,FAILURE,8.67054E+11
e4:b3:18:9f:bf:b4,1496405458379541,0,0,0,0,0,0,0,0,FAILURE,8.67055E+11
44:85:00:c5:6c:19,1496405458379538,0,0,0,0,0,0,0,0,FAILURE,8.67055E+11
44:85:00:c5:69:a8,1496405458379532,0,0,0,0,0,0,0,0,FAILURE,8.67055E+11
44:85:00:c5:67:37,1496405458379529,0,0,0,0,0,0,0,0,FAILURE,8.67055E+11
e4:b3:18:9f:c1:4e,1496405458379527,0,0,0,0,0,0,0,0,FAILURE,8.67055E+11
e4:b3:18:9f:c1:99,1496405458546425,0,0,0,0,0,0,0,0,FAILURE,8.67055E+11
e4:b3:18:9f:bf:af,1496405458838345,81,0,0,0,0,636,0,0,SUCCESS,8.67055E+11
e4:b3:18:9f:c0:36,1496405458851074,81,0,0,0,0,617,0,0,SUCCESS,8.67055E+11
e4:b3:18:9f:bf:96,1496405458863643,56,0,0,0,0,257,0,0,SUCCESS,8.67055E+11
e4:b3:18:9f:c1:8f,1496405458876391,83,0,0,0,0,3402,0,0,SUCCESS,8.67055E+11
e4:b3:18:9f:c0:04,1496405458892843,71,0,0,0,0,1404,0,0,SUCCESS,8.67055E+11
e4:b3:18:9f:c0:18,1496405458942852,71,0,0,0,0,1714,0,0,SUCCESS,8.67055E+11
e4:b3:18:9f:bf:87,1496405458955344,83,0,0,0,0,534,0,0,SUCCESS,8.67055E+11
e4:b3:18:9f:c0:b3,1496405459234968,0,0,0,0,0,0,0,0,FAILURE,8.67056E+11
44:85:00:c5:69:d5,1496405459095492,82,0,0,0,0,1481,0,0,SUCCESS,8.67056E+11
44:85:00:c5:67:3c,1496405459235003,0,0,0,0,0,0,0,0,FAILURE,8.67056E+11
e4:b3:18:9f:bf:b4,1496405459914084,0,0,0,0,0,0,0,0,FAILURE,8.67056E+11
44:85:00:c5:6c:19,1496405459914076,0,0,0,0,0,0,0,0,FAILURE,8.67056E+11
44:85:00:c5:69:a8,1496405459914075,0,0,0,0,0,0,0,0,FAILURE,8.67056E+11
44:85:00:c5:67:37,1496405459914107,0,0,0,0,0,0,0,0,FAILURE,8.67056E+11
e4:b3:18:9f:c1:4e,1496405459914065,0,0,0,0,0,0,0,0,FAILURE,8.67056E+11
